EmployeeID,State,DCQ1_2020,DCQ2_2020,DCQ3_2020,DCQ4_2020,DCQ5_2020,DCQ1_2022,DCQ2_2022,DCQ3_2022,DCQ4_2022,DCQ5_2022,Engage1,Engage2,Engage3,Engage4,Engage5,Revenue
1,PA,10,9,9,8,9,10,9,10,10,8,10,10,8,8,10,445
2,CT,8,9,10,10,8,8,10,10,9,9,8,9,10,8,10,564
3,PA,9,10,10,10,10,8,8,8,8,8,9,8,9,9,7,437
4,NJ,7,7,5,5,4,7,5,4,6,7,5,7,8,4,3,519
5,MA,9,8,10,9,10,9,8,9,8,9,5,7,9,8,9,374
6,PA,8,9,9,9,8,8,8,10,8,10,7,5,5,6,6,415
7,NY,8,9,9,10,10,9,9,10,9,10,10,8,8,10,10,688
8,PA,9,9,10,10,10,10,8,10,9,10,7,10,7,7,9,420
9,NJ,6,4,5,6,7,6,8,5,7,5,7,5,4,7,9,678
10,MA,8,8,10,9,9,9,9,10,10,9,8,9,7,10,8,498
11,CT,8,10,9,9,8,8,9,10,10,9,8,10,9,10,10,391
12,CT,9,9,9,8,8,9,9,10,9,10,7,9,10,8,8,646
13,CT,9,8,10,8,10,10,9,10,8,10,9,8,8,8,10,433
14,PA,9,9,9,9,10,10,8,9,8,8,7,8,5,10,10,501
15,PA,8,8,9,9,10,8,8,10,8,9,5,7,10,10,7,398
16,CT,8,10,8,10,9,9,10,8,8,9,8,10,6,8,6,405
17,NJ,6,4,6,6,7,5,4,4,7,5,8,3,3,7,5,645
18,PA,9,8,8,10,10,9,10,8,10,9,8,10,9,9,9,674
19,MA,9,8,10,10,10,8,8,10,8,9,7,5,7,8,8,379
20,PA,9,10,8,8,10,9,9,9,10,9,7,8,7,7,9,584
21,CT,8,10,10,10,9,8,9,10,10,8,10,8,5,9,5,514
22,NJ,7,5,8,8,8,5,5,4,4,6,6,6,6,1,6,377
23,CT,9,8,9,9,10,9,8,10,9,10,7,8,10,9,9,380
24,MA,10,9,8,8,10,9,9,10,9,8,7,8,7,9,8,463
25,MA,10,8,8,10,10,10,10,8,8,8,8,8,7,10,10,441
26,PA,10,9,8,8,9,8,10,8,9,10,9,10,9,10,7,631
27,NJ,8,8,8,7,4,5,8,6,5,5,3,6,6,3,7,434
28,NJ,7,5,5,6,5,8,5,5,5,7,7,5,5,4,7,292
29,MA,9,8,8,8,8,8,9,10,9,10,8,9,8,8,9,405
30,PA,8,10,10,10,10,8,8,9,9,9,10,9,8,10,7,623
31,CT,9,9,10,10,9,9,10,10,8,9,10,9,9,10,7,559
32,CT,9,10,9,9,9,9,9,9,8,9,8,10,9,6,5,547
33,PA,9,10,9,10,10,8,8,10,9,9,5,8,6,5,5,611
34,NJ,8,6,5,4,7,5,5,4,6,5,5,5,5,3,4,182
35,PA,10,9,9,8,9,10,8,8,8,8,8,9,5,5,9,297
36,CT,10,10,9,8,8,9,9,9,8,8,7,5,8,6,6,553
37,PA,8,10,8,10,10,9,8,10,10,10,9,7,10,10,9,599
38,NY,8,8,8,9,10,9,8,8,9,8,10,6,8,7,7,482
39,CT,8,8,9,10,8,9,9,9,9,8,7,8,8,5,5,383
40,MA,8,8,9,10,8,9,10,8,8,8,9,8,10,5,8,586
41,NY,10,8,8,10,10,9,8,10,8,10,10,9,7,7,10,580
42,NY,9,9,8,8,10,8,9,8,9,8,8,7,10,6,10,435
43,NJ,5,6,7,7,5,5,8,5,6,7,7,8,5,8,6,539
44,NY,10,10,9,9,10,9,10,8,9,8,10,8,7,7,10,711
45,MA,10,9,8,10,9,10,8,8,9,10,10,10,8,9,7,395
46,MA,8,8,9,8,10,9,8,10,9,10,10,7,9,10,8,602
47,NY,10,10,9,8,8,10,9,9,8,10,10,9,8,9,8,391
48,CT,10,9,9,10,10,8,9,10,9,8,10,8,10,10,7,580
49,NY,9,9,10,10,8,8,8,10,10,9,8,10,10,10,9,574
50,CT,9,10,8,10,8,8,9,8,9,9,6,6,9,9,9,479
51,NJ,4,6,4,7,8,6,4,6,5,8,4,6,6,4,3,376
52,CT,8,10,8,10,10,9,9,9,9,9,8,7,9,10,7,624
53,NY,10,9,9,8,9,10,9,9,10,8,10,10,10,10,7,596
54,MA,9,8,9,10,10,10,8,9,8,8,8,7,10,5,6,432
55,NJ,5,6,6,8,6,8,8,5,5,7,4,7,7,4,5,624
56,NJ,4,7,4,8,8,4,8,4,8,6,5,7,8,8,9,751
57,NY,8,8,8,9,10,9,9,8,9,8,9,7,9,9,8,638
58,NJ,5,4,6,7,6,7,5,8,4,8,9,5,7,5,4,457
59,NY,8,8,8,8,10,9,8,8,10,10,7,7,10,10,8,385
60,CT,8,10,9,9,8,10,10,10,10,10,9,7,10,9,9,499
61,NY,9,8,9,10,9,10,8,10,8,10,9,8,7,7,8,644
62,MA,8,9,9,9,10,10,10,8,8,9,7,10,7,9,7,465
63,PA,9,10,8,10,10,9,9,9,10,8,9,9,9,9,9,482
64,CT,10,10,9,8,10,9,8,8,8,8,8,10,10,5,5,619
65,MA,8,10,8,8,8,10,10,10,10,10,7,9,9,10,10,548
66,MA,10,8,10,8,8,9,10,9,8,10,7,8,7,8,8,479
67,PA,8,9,10,10,8,10,10,8,10,8,9,7,10,7,10,622
68,PA,8,9,9,8,8,8,10,10,10,9,10,8,10,10,8,540
69,PA,10,9,9,8,9,8,8,8,8,9,5,8,5,9,8,335
70,MA,8,8,8,10,9,8,9,10,10,10,10,8,8,9,10,710
71,NJ,4,7,8,7,6,4,7,4,5,5,8,7,4,6,7,324
72,MA,8,9,8,8,10,10,9,10,9,10,8,7,9,7,9,444
73,MA,9,10,9,10,9,8,8,8,10,9,10,7,8,5,7,759
74,PA,10,10,9,10,10,9,9,8,9,10,9,10,7,8,10,493
75,NJ,4,7,4,4,8,5,8,8,8,4,9,9,8,8,9,360
76,NY,10,8,8,9,10,8,9,9,8,8,6,9,6,10,10,377
77,MA,10,10,8,9,10,9,10,9,10,10,9,10,10,9,7,413
78,NJ,5,4,7,5,8,8,4,8,8,7,6,6,4,6,6,563
79,NJ,5,5,5,7,5,4,5,8,4,5,3,4,6,6,4,372
80,NJ,4,8,4,8,4,8,5,7,4,7,8,7,8,5,6,618
81,NJ,6,8,7,8,6,8,6,7,8,6,9,9,6,5,4,572
82,MA,9,10,9,9,10,8,9,10,8,10,8,7,8,8,10,366
83,MA,9,8,8,10,9,9,8,9,10,8,5,10,6,10,9,596
84,NJ,6,8,6,5,4,7,8,6,4,4,5,5,3,3,5,217
85,CT,9,9,9,10,9,10,10,8,9,9,7,10,7,9,7,637
86,NJ,8,5,5,4,4,8,4,4,7,6,8,5,6,6,8,607
87,PA,9,9,9,8,8,10,8,9,10,10,10,7,9,9,9,589
88,NJ,5,4,4,8,4,5,5,6,5,5,6,4,3,3,5,369
89,CT,8,8,10,9,9,8,9,10,8,9,9,7,5,5,7,450
90,NY,8,8,9,8,10,8,9,9,8,9,7,10,5,5,5,495
91,CT,9,10,8,10,8,9,9,9,9,9,7,9,10,9,7,535
92,PA,8,9,9,10,10,9,8,10,9,9,8,9,10,10,7,367
93,PA,8,9,9,10,8,8,10,8,9,8,6,8,6,5,5,633
94,NJ,6,4,8,5,7,5,4,4,7,5,6,7,5,3,6,397
95,NJ,8,5,8,8,5,8,6,4,5,8,8,8,4,9,4,439
96,CT,9,10,10,10,9,10,10,8,9,8,9,8,9,8,10,483
97,NJ,8,8,4,4,7,5,4,5,7,5,8,7,5,5,3,655
98,NY,10,10,9,9,10,10,10,8,10,8,8,8,10,9,8,599
99,NY,8,9,8,10,8,10,8,10,9,10,7,10,8,8,10,532
100,CT,8,8,8,10,9,10,9,9,9,9,7,9,8,10,7,551
101,MA,8,8,8,9,9,10,10,9,10,8,10,8,7,10,9,479
102,CT,9,8,8,10,8,8,10,9,9,9,10,9,8,7,8,625
103,CT,10,10,9,9,8,9,8,9,9,9,10,7,6,8,6,478
104,CT,9,8,9,8,10,10,8,10,8,9,9,8,8,9,7,553
105,MA,9,9,8,8,10,8,10,9,9,10,7,10,10,10,7,546
106,NY,10,8,9,8,8,9,8,10,10,10,7,10,9,7,9,393
107,MA,8,10,9,10,9,9,8,8,9,10,8,8,9,8,10,438
108,NJ,8,5,7,7,4,6,5,6,4,8,6,8,7,4,3,570
109,PA,8,9,8,8,8,9,9,9,9,8,6,7,6,9,7,659
110,PA,9,8,10,8,10,8,10,8,9,10,9,7,10,7,8,612
111,MA,8,9,8,10,10,8,9,9,10,9,7,7,7,9,8,537
112,PA,10,10,10,8,8,8,8,9,9,10,5,7,9,5,9,664
113,MA,8,9,8,10,9,10,9,8,10,9,8,9,10,10,10,673
114,CT,8,9,10,8,8,8,8,10,8,9,9,6,6,6,5,484
115,NY,9,9,10,10,10,9,10,8,8,8,5,7,7,10,8,688
116,NJ,6,4,5,5,7,4,6,7,5,7,5,4,6,5,8,408
117,CT,8,8,8,8,8,8,8,10,8,8,9,5,8,7,9,405
118,MA,9,8,8,10,8,8,8,8,10,8,6,5,5,6,7,606
119,CT,9,10,9,8,10,8,9,9,8,10,8,8,5,10,6,307
120,NJ,4,7,6,7,5,6,8,5,5,5,6,7,6,8,7,696
121,NJ,5,4,7,8,5,5,5,6,7,6,3,5,3,5,7,283
122,NY,9,8,10,10,8,9,9,8,8,10,9,7,6,7,9,487
123,NY,9,9,10,10,9,8,10,10,8,10,9,8,7,7,8,386
124,MA,8,10,10,8,9,9,10,9,9,10,9,7,9,7,8,372
125,PA,10,9,8,10,10,10,9,8,8,8,7,9,9,6,10,378
126,NJ,5,7,6,4,8,8,7,8,7,8,9,5,5,9,8,704
127,MA,8,10,9,8,9,10,9,9,8,8,10,9,9,9,8,487
128,CT,10,9,10,10,10,8,9,8,9,10,9,10,6,8,9,371
129,CT,9,10,8,9,10,8,10,9,10,10,7,8,8,10,8,455
130,NJ,8,4,4,5,4,5,7,6,7,6,5,9,8,8,5,666
131,NJ,6,5,7,4,6,6,4,8,4,5,5,5,6,5,5,699
132,MA,9,8,8,8,9,8,8,8,8,9,10,7,10,5,7,505
133,NY,10,8,9,9,10,9,10,10,10,9,9,7,9,8,7,395
134,CT,9,9,10,8,8,8,8,10,9,9,7,5,8,6,9,633
135,CT,9,9,10,9,9,8,10,10,9,9,9,10,10,7,10,548
136,NJ,4,6,4,4,8,8,5,5,6,4,5,5,8,3,8,540
137,NY,8,8,9,9,9,8,10,10,10,10,8,10,10,10,7,424
138,NJ,5,5,6,8,7,8,5,6,6,6,9,9,9,9,6,476
139,PA,10,10,9,10,8,9,8,9,8,9,9,6,9,6,9,599
140,NJ,8,7,5,4,8,4,8,7,7,7,7,4,5,6,7,660
141,PA,9,9,8,9,8,8,10,8,8,9,5,5,8,5,8,383
142,CT,8,10,9,10,8,9,10,10,9,10,7,7,10,10,10,356
143,PA,9,10,9,9,10,9,9,8,10,9,8,7,10,10,7,615
144,MA,10,10,10,9,9,8,10,10,10,9,9,9,8,7,9,686
145,PA,10,10,8,10,10,9,10,10,9,9,10,8,10,8,7,564
146,CT,8,10,8,10,8,8,10,9,10,9,9,7,7,7,10,464
147,MA,10,10,9,8,9,9,10,9,10,10,10,8,7,8,10,589
148,NY,10,9,10,8,10,8,9,9,9,10,8,9,10,8,10,624
149,NJ,8,7,6,7,5,4,4,5,6,8,5,8,6,5,6,460
150,NY,8,10,10,10,10,8,9,9,8,8,7,6,9,9,10,458
151,NY,8,10,8,10,9,9,10,9,8,10,7,9,10,8,8,551
152,CT,10,9,9,8,9,8,9,10,8,10,9,9,8,7,7,596
153,PA,8,8,8,9,8,9,8,9,10,9,7,9,10,8,8,570
154,PA,9,9,8,9,9,10,8,8,10,9,7,7,8,10,7,444
155,MA,10,8,9,10,9,8,10,10,8,10,8,7,7,8,7,766
156,NJ,7,6,4,8,6,4,5,4,6,6,4,4,3,8,6,427
157,NY,8,8,9,9,10,8,9,8,10,9,7,8,9,5,9,379
158,NJ,4,6,7,4,6,8,8,6,5,6,6,4,8,9,6,460
159,PA,9,10,9,10,10,10,10,9,8,10,7,10,8,8,9,616
160,NJ,4,7,7,7,6,4,7,7,6,5,7,7,4,4,3,400
161,MA,10,9,9,10,9,9,8,10,10,8,8,8,7,10,9,614
162,NY,8,8,9,8,8,10,9,9,9,9,7,8,8,8,10,571
163,NJ,7,6,5,5,7,4,6,4,5,6,5,8,7,7,8,623
164,NY,10,9,9,8,9,9,10,10,8,10,7,9,10,9,8,447
165,NJ,5,5,4,6,6,5,7,5,8,8,9,4,8,5,5,503
166,MA,9,9,8,8,9,9,9,9,8,8,10,5,5,9,8,493
167,NY,10,8,9,8,9,8,8,10,10,8,9,10,10,6,7,522
168,CT,8,9,8,10,9,8,9,9,9,8,8,6,8,5,7,462
169,MA,8,8,8,8,9,10,9,9,9,8,9,7,7,9,9,694
170,NJ,8,5,7,7,6,7,5,4,5,6,3,5,8,8,8,572
171,NJ,6,4,6,4,5,4,7,5,7,5,8,4,8,7,3,311
172,NJ,6,4,6,5,6,8,4,8,7,8,9,6,6,7,7,776
173,NY,10,10,10,10,9,8,9,9,9,9,5,9,5,10,10,450
174,NY,9,8,8,10,8,9,9,9,9,9,10,7,8,7,8,570
175,NJ,5,6,8,7,6,8,8,4,7,6,7,5,7,9,4,553
176,NY,9,9,8,10,8,8,8,8,9,9,10,9,9,9,8,513
177,NJ,5,7,5,7,6,7,5,4,6,6,4,4,4,7,4,307
178,PA,9,9,8,10,10,10,8,9,8,9,7,10,8,5,10,389
179,NY,8,8,10,8,10,9,10,10,8,10,10,8,7,8,8,634
180,PA,10,8,9,10,9,10,8,10,10,10,10,8,7,9,7,534
181,NY,10,9,10,8,10,8,10,10,8,8,6,9,5,7,8,335
182,CT,10,9,8,9,8,9,8,10,10,10,10,8,8,8,10,355
183,NJ,4,4,7,6,4,4,7,8,6,6,4,7,8,7,7,626
184,PA,8,9,10,8,8,10,10,8,8,9,8,9,8,8,10,439
185,NJ,5,5,6,6,6,4,6,5,4,5,4,1,2,3,4,150
186,CT,9,9,8,8,10,8,8,10,9,8,5,8,9,6,8,306
187,PA,10,8,8,8,10,10,10,9,9,9,7,7,8,8,10,532
188,NJ,5,8,6,8,5,4,8,7,6,5,7,6,4,4,4,432
189,MA,8,9,9,8,8,10,8,9,10,8,10,8,9,8,7,505
190,CT,9,8,9,8,8,10,10,8,8,9,8,10,8,8,10,548
191,CT,8,9,9,8,10,10,10,9,8,9,10,9,9,10,9,579
192,NJ,5,4,7,7,6,7,7,7,6,4,8,9,9,8,6,541
193,CT,8,10,8,8,8,10,8,10,9,10,10,9,7,7,8,507
194,CT,9,10,8,8,8,9,9,9,8,10,7,7,8,7,8,610
195,MA,9,9,8,10,10,8,10,10,9,10,8,7,8,7,9,387
196,CT,10,8,10,9,10,8,8,8,8,8,10,9,9,7,6,700
197,NY,8,9,10,8,9,9,8,10,9,9,7,9,7,10,9,369
198,CT,9,10,8,9,8,9,8,10,8,10,8,10,7,7,10,391
199,MA,9,8,8,9,10,9,10,8,10,8,9,7,9,10,9,575
200,MA,8,8,10,10,8,10,10,8,10,9,8,9,10,10,7,397
201,NY,10,10,9,9,9,8,10,10,9,9,9,10,9,7,8,688
202,CT,10,8,9,10,9,8,10,8,10,8,5,8,9,7,5,625
203,PA,9,8,8,10,10,9,8,10,9,8,8,8,7,6,10,631
204,MA,8,8,10,9,9,8,10,8,9,9,10,6,10,9,7,425
205,NY,10,8,10,9,8,8,10,10,9,8,10,8,8,7,9,429
206,CT,10,8,9,9,10,9,10,9,10,10,7,9,7,9,9,429
207,NJ,4,4,8,5,4,7,6,6,4,4,3,4,8,6,6,332
208,NJ,6,7,5,4,5,5,8,5,5,4,3,3,5,8,8,398
209,NJ,8,4,5,6,8,4,8,7,6,8,6,9,7,8,4,495
210,PA,9,10,8,10,10,10,10,10,8,8,8,7,8,10,7,320
211,CT,8,10,10,9,10,10,10,10,9,8,8,10,9,10,9,650
212,NY,10,9,8,9,10,10,9,10,10,8,7,8,7,10,8,385
213,MA,10,8,10,9,9,10,9,8,9,10,10,10,8,8,7,455
214,MA,8,8,9,9,8,8,8,9,9,10,10,8,10,8,5,559
215,PA,10,9,8,8,9,10,9,10,10,10,10,7,7,10,8,462
216,PA,9,10,8,8,8,9,9,9,9,10,9,7,10,8,7,674
217,NY,10,10,9,8,8,9,10,8,9,9,10,9,7,7,8,586
218,PA,10,10,9,8,8,8,8,8,9,8,5,5,5,5,10,665
219,MA,10,9,8,9,9,9,10,9,9,10,7,10,7,10,10,394
220,PA,8,9,9,8,8,8,9,8,10,8,9,10,7,7,6,429
221,MA,8,8,9,9,8,8,8,9,9,10,8,6,7,8,10,641
222,CT,8,9,9,8,10,10,9,8,8,9,9,10,8,9,9,556
223,MA,8,9,10,9,10,8,8,8,10,9,6,7,5,6,7,522
224,NJ,7,8,7,5,4,7,4,6,7,5,3,8,7,8,6,675
225,PA,10,10,8,8,10,9,9,8,8,9,10,5,10,10,8,449
226,MA,10,10,9,8,8,8,10,10,9,9,9,9,10,10,8,756
227,PA,10,10,9,9,9,9,8,8,8,9,7,8,5,6,10,445
228,PA,8,10,10,8,8,10,9,10,10,9,8,9,8,7,9,474
229,CT,8,9,9,10,8,9,10,9,9,10,8,10,9,7,8,665
230,NY,9,9,8,10,10,9,10,8,10,8,7,9,9,10,7,398
231,PA,9,9,8,10,10,10,10,8,10,9,7,9,8,7,8,429
232,NY,9,10,8,10,9,10,10,8,8,9,10,8,9,9,8,482
233,NY,10,9,8,9,9,10,9,10,10,8,10,9,9,10,10,573
234,PA,9,8,8,9,8,10,9,10,10,8,9,10,7,7,9,421
235,MA,10,10,8,9,10,10,10,8,9,8,10,7,10,8,10,719
236,NJ,6,4,7,5,7,8,7,5,6,4,5,4,5,4,6,410
237,PA,8,10,10,9,9,10,8,9,10,8,8,7,7,7,7,634
238,CT,8,8,10,10,10,10,9,9,10,9,10,8,8,7,10,359
239,NJ,5,4,7,8,8,4,7,4,5,7,5,8,6,7,5,730
240,PA,10,9,10,9,10,9,8,10,8,9,8,9,8,5,6,346
241,CT,10,9,9,8,9,9,10,8,10,9,9,7,10,9,9,463
242,NY,10,10,8,10,8,8,9,9,10,10,9,9,10,7,10,657
243,NJ,5,5,5,4,8,5,4,4,8,6,8,6,8,8,4,400
244,PA,9,9,10,8,10,10,10,8,10,10,8,10,7,8,9,682
245,NY,9,9,8,9,8,9,9,8,9,9,6,6,10,7,9,385
246,CT,10,10,8,9,8,10,8,10,8,10,7,10,9,7,7,326
247,CT,10,8,10,10,8,9,9,10,9,8,9,8,9,7,10,590
248,NJ,4,8,5,7,6,8,5,5,4,4,7,5,4,8,7,366
249,CT,10,9,10,8,8,9,8,10,8,9,6,10,5,7,6,479
250,NY,8,9,8,9,9,9,9,8,10,10,10,8,10,7,8,678
251,CT,9,8,9,10,8,10,10,10,9,9,7,8,8,10,7,305
252,NJ,4,8,7,5,4,5,7,8,4,7,7,4,4,7,9,551
253,PA,9,9,8,8,9,8,10,10,10,9,7,9,7,8,7,538
254,NY,9,9,10,10,10,9,9,10,10,8,8,8,10,8,8,715
255,NJ,5,5,4,5,6,5,4,8,8,5,8,7,5,5,4,578
256,NJ,5,4,6,4,4,4,8,6,4,5,4,5,5,6,3,477
257,NY,9,10,9,9,8,9,10,8,8,10,10,9,9,8,8,622
258,CT,8,10,8,8,9,8,10,9,9,8,5,10,6,6,9,482
259,MA,10,9,8,9,9,8,10,8,9,10,10,10,10,7,7,666
260,CT,10,8,8,10,10,9,10,9,8,10,9,9,7,7,9,496
261,MA,10,8,10,10,10,8,8,9,9,10,8,5,5,9,10,638
262,NY,10,8,9,10,10,10,10,10,9,9,8,9,8,7,8,350
263,CT,8,10,9,10,10,10,9,10,8,8,8,10,8,9,10,517
264,CT,10,10,9,8,9,9,10,9,9,10,8,7,7,10,9,377
265,CT,10,9,10,10,9,10,10,10,8,8,8,9,10,8,9,499
266,CT,10,9,8,8,10,10,9,9,8,8,8,6,5,6,5,497
267,NJ,8,6,4,6,5,5,6,4,7,8,9,6,6,8,8,534
268,PA,8,10,8,8,10,10,10,8,9,8,10,8,7,8,10,543
269,PA,9,8,9,10,8,10,9,8,8,9,9,5,6,6,5,641
270,NY,7,8,6,4,6,7,8,6,6,6,9,5,6,5,5,532
271,CT,5,7,7,5,7,5,6,6,5,6,6,4,8,3,3,405
272,MA,6,7,8,7,8,7,5,8,6,8,6,6,4,9,4,431
273,PA,7,5,6,8,5,7,5,8,6,8,9,6,4,7,5,618
274,NY,4,6,6,4,4,6,7,5,6,8,8,9,4,8,5,390
275,MA,4,5,8,7,4,6,7,5,8,6,5,4,6,9,4,318
276,NJ,8,4,6,6,4,8,7,6,5,5,5,4,9,9,9,302
277,CT,4,4,5,8,5,5,8,8,8,7,10,9,7,5,5,542
278,NY,5,7,4,4,8,6,6,5,8,6,7,4,7,5,5,329
279,NY,4,7,7,5,8,6,7,5,7,6,9,7,8,8,4,677
280,MA,8,7,8,4,8,8,5,8,5,5,4,6,4,9,7,542
281,CT,5,7,8,4,6,5,8,7,5,6,7,8,8,4,5,288
282,CT,5,4,4,6,7,7,8,6,7,7,5,8,9,7,4,544
283,NJ,6,8,4,5,8,8,8,8,4,4,7,9,4,8,5,538
284,MA,4,5,5,7,6,7,5,7,7,7,4,5,8,8,7,686
285,NY,8,8,7,8,7,8,7,8,7,8,9,9,10,8,8,523
286,NY,4,4,4,5,4,6,5,8,8,7,4,6,5,7,6,272
287,PA,7,8,5,8,8,5,7,6,8,5,5,6,5,6,4,490
288,MA,4,5,7,4,5,5,6,5,6,6,3,5,8,8,7,320
289,CT,5,8,7,4,7,7,8,5,7,7,9,9,6,8,7,484
290,CT,8,4,7,7,8,8,7,8,5,7,8,4,7,7,5,507
291,MA,6,7,6,8,8,6,6,7,7,6,4,8,9,5,8,686
292,CT,6,7,7,4,4,6,8,5,8,6,6,4,6,8,8,465
293,NJ,6,6,4,8,7,4,8,5,4,8,4,7,3,6,8,308
294,MA,4,7,5,8,7,8,5,7,6,7,5,6,9,8,8,479
295,CT,5,5,5,4,6,8,6,8,6,8,7,8,9,8,10,436
296,CT,6,7,7,8,4,6,8,8,7,6,7,6,4,5,5,526
297,PA,4,4,5,4,8,8,8,5,5,6,5,6,4,8,7,592
298,MA,4,7,6,7,5,7,8,7,6,7,5,5,6,4,8,262
299,NY,4,5,5,7,8,8,7,6,7,7,6,4,6,9,5,593
300,PA,7,5,7,7,7,5,8,7,7,5,9,8,5,9,6,317
301,CT,4,4,8,6,5,6,5,7,7,8,5,7,7,9,8,549
302,CT,4,4,8,5,7,8,6,7,7,8,5,6,5,9,8,551
303,PA,8,7,5,8,6,6,6,6,5,8,8,6,9,4,6,343
304,PA,5,7,6,8,5,8,8,5,5,5,7,6,5,4,6,626
305,MA,5,8,7,6,5,6,6,6,6,5,6,4,3,6,5,427
306,NY,7,6,4,5,6,8,5,8,5,8,4,6,8,5,6,556
307,MA,6,8,7,6,8,6,7,6,8,6,9,9,6,6,9,380
308,MA,8,5,5,7,5,6,6,8,7,8,9,9,6,8,7,637
309,NY,7,8,4,7,8,7,6,6,7,7,7,4,5,5,9,588
310,CT,5,6,5,7,8,7,6,5,8,6,5,8,6,4,5,383
311,PA,7,8,7,5,5,7,8,7,7,6,9,6,6,4,4,514
312,NY,8,6,8,6,4,8,8,5,5,7,5,9,9,9,4,603
313,CT,8,5,4,7,5,5,5,5,6,6,4,3,6,5,4,488
314,NJ,5,8,8,6,6,7,7,8,6,6,7,6,6,5,9,596
315,PA,4,5,6,6,7,7,7,7,8,5,8,6,6,8,5,515
316,NY,4,8,4,5,4,6,7,6,7,6,6,7,5,8,7,610
317,MA,5,7,8,8,4,7,5,8,7,7,4,4,7,4,5,389
318,PA,8,6,5,4,6,7,5,8,6,8,4,9,9,8,5,645
319,CT,4,7,8,5,4,6,7,6,8,8,8,6,5,6,5,438
320,NY,4,7,8,8,5,7,5,6,5,5,3,5,6,4,3,398
321,NY,8,4,6,7,4,6,6,7,6,6,5,8,8,7,4,606
322,CT,6,5,5,8,6,5,5,5,7,8,4,5,4,9,8,370
323,NJ,8,7,8,5,5,5,5,4,6,4,2,4,4,6,1,291
324,CT,7,7,6,5,8,5,5,7,7,7,6,6,4,8,9,588
325,NY,5,6,6,7,7,8,8,5,7,7,5,7,5,9,7,670
326,NY,6,6,6,8,6,5,7,6,6,6,4,5,7,7,6,683
327,NY,8,7,4,6,4,7,7,5,8,5,6,5,8,8,6,576
328,PA,8,6,6,4,4,8,6,5,6,7,5,4,9,4,6,473
329,CT,7,7,7,5,7,5,6,8,8,7,6,7,6,7,7,532
330,PA,4,5,7,8,4,6,5,8,8,7,6,5,8,8,8,314
331,NJ,8,8,6,4,8,4,7,6,4,7,4,8,7,8,5,521
332,NJ,8,6,4,5,4,6,7,7,4,8,9,5,9,8,4,565
333,NJ,8,4,5,7,7,7,8,5,7,5,7,9,4,8,8,381
334,NY,5,5,6,7,5,7,5,5,7,8,8,8,4,7,7,406
335,CT,6,6,5,5,8,6,8,5,6,5,4,4,6,9,7,457
336,NY,6,7,5,7,8,8,5,5,5,6,5,4,7,6,7,381
337,CT,8,6,5,7,5,8,5,7,8,6,8,5,9,9,4,440
338,NY,5,8,5,4,4,7,5,6,6,6,6,5,5,4,9,502
339,NY,7,8,8,7,7,6,8,6,7,6,8,8,4,7,9,474
340,MA,7,7,5,4,5,5,5,8,5,5,7,3,4,8,8,645
341,CT,8,5,6,5,7,7,8,5,5,8,6,8,6,6,8,668
342,PA,5,8,5,5,8,8,7,7,5,8,7,9,9,4,6,372
343,NY,4,4,8,7,8,5,7,5,8,8,7,5,8,9,6,625
344,NJ,5,7,7,4,7,6,4,6,4,5,4,6,5,7,3,254
345,NJ,7,6,5,4,5,5,6,7,5,6,3,3,7,7,8,322
346,CT,6,5,6,7,7,6,6,8,8,5,6,5,7,4,5,558
347,MA,7,4,8,8,8,7,7,6,7,5,7,6,4,4,4,461
348,NY,4,6,6,4,5,8,7,7,8,6,8,9,6,9,6,485
349,MA,8,8,6,4,6,8,8,7,7,6,9,5,5,10,5,615
350,PA,7,8,6,4,8,7,5,7,6,7,9,9,6,6,4,545
351,NJ,7,7,6,5,6,4,8,8,4,5,8,7,7,5,5,434
352,PA,5,5,7,5,6,8,7,5,6,6,6,8,4,8,9,507
353,NY,6,8,6,4,5,6,7,7,7,6,7,9,5,6,4,523
354,CT,5,8,7,7,7,7,6,7,8,5,6,8,9,4,7,386
355,CT,7,6,5,5,4,8,5,8,8,7,5,6,5,10,7,362
356,NJ,8,7,4,8,7,7,8,5,8,8,7,5,5,9,5,321
357,MA,8,6,4,7,7,8,8,5,8,5,9,5,7,6,9,340
358,PA,4,8,7,8,5,6,7,5,6,8,5,8,4,8,9,640
359,PA,6,4,4,7,6,5,5,7,7,6,6,4,5,4,4,258
360,CT,4,5,8,8,8,5,6,8,8,7,4,6,9,7,4,550
361,MA,6,7,6,4,8,5,8,5,6,8,6,9,8,4,9,328
362,NJ,8,7,7,7,8,6,4,5,4,6,5,6,5,6,5,340
363,CT,5,7,8,6,4,7,7,5,5,5,3,6,3,6,3,402
364,MA,7,8,8,8,5,6,8,7,8,6,7,8,5,8,8,454
365,NJ,8,8,8,4,6,4,8,5,4,8,8,5,4,8,8,310
366,MA,7,7,6,5,4,5,8,8,7,8,10,9,6,9,6,455
367,NJ,4,4,4,8,5,5,6,5,5,4,7,4,5,5,4,290
368,PA,7,5,4,7,4,7,8,6,7,6,4,7,6,5,5,491
369,MA,4,4,7,8,6,8,8,7,8,8,9,9,8,9,8,396
370,NY,8,5,6,8,5,8,7,6,5,6,9,9,9,8,9,669
371,NY,4,4,7,5,4,7,7,5,7,8,9,4,9,5,9,724
372,MA,6,8,8,5,4,5,6,6,8,7,6,8,4,8,8,413
373,NY,8,4,4,6,6,8,6,6,6,6,4,7,7,8,7,575
374,NY,4,7,4,8,5,7,7,6,7,5,7,8,6,4,4,524
375,NJ,4,6,4,7,7,5,4,6,4,4,2,2,5,2,3,157
376,NJ,6,7,7,8,8,7,8,6,5,7,8,6,5,6,5,455
377,CT,7,7,5,4,8,5,7,7,5,8,4,5,5,9,6,525
378,NJ,6,7,5,5,6,4,5,6,8,4,5,4,8,5,8,461
379,NJ,6,8,8,7,8,8,6,5,6,4,8,7,6,8,3,313
380,NJ,5,4,3,5,2,5,5,2,3,4,1,2,4,6,6,473
381,NY,5,6,6,7,4,5,8,6,7,5,4,4,4,5,5,341
382,CT,4,5,4,7,5,6,8,5,5,8,8,7,8,6,9,410
383,PA,6,7,7,4,7,5,5,5,7,7,3,7,4,4,3,371
384,CT,7,6,6,6,8,8,8,5,8,6,9,6,6,8,9,429
385,NJ,2,3,3,5,2,5,5,5,4,3,1,4,2,1,3,189
386,CT,5,5,8,8,6,8,8,5,5,8,6,5,9,8,7,635
387,NJ,6,3,2,2,5,5,5,6,5,5,4,5,3,4,7,275
388,NY,5,5,4,7,5,8,5,7,7,7,7,7,7,6,9,616
389,MA,7,8,7,7,5,5,6,6,7,5,6,7,4,5,5,592
390,CT,6,6,7,4,4,6,5,6,5,5,3,5,8,3,7,691
391,MA,6,8,7,6,6,5,7,6,5,6,6,6,8,8,3,353
392,NY,6,7,4,6,4,8,7,7,8,7,6,8,5,5,7,678
393,NY,5,4,6,7,7,8,8,5,5,6,6,9,9,4,5,390
394,NY,7,6,5,7,7,8,6,5,7,7,4,5,8,8,6,597
395,MA,4,7,8,7,5,7,6,7,8,5,7,7,9,8,4,344
396,CT,5,8,7,8,8,8,8,5,6,5,9,9,6,8,8,500
397,CT,8,8,8,8,8,8,5,5,5,7,6,9,6,6,8,763
398,PA,7,6,5,5,8,8,6,7,5,5,6,6,9,7,9,745
399,NY,4,6,5,5,8,5,6,6,8,5,8,6,6,4,8,312
400,CT,8,7,6,5,8,5,5,5,7,8,8,6,4,5,8,383
401,NJ,2,2,5,5,6,4,4,5,2,4,4,5,4,3,3,460
402,MA,6,4,5,5,6,6,6,6,7,5,6,8,8,9,7,329
403,NJ,5,4,4,3,5,2,2,5,2,2,2,1,2,3,1,112
404,PA,8,6,5,8,4,5,5,7,7,8,8,6,6,9,6,738
405,NJ,3,3,6,5,4,2,6,4,6,6,5,4,3,2,3,328
406,PA,6,6,7,8,4,7,5,8,5,6,5,5,7,6,6,418
407,NJ,3,6,2,2,3,2,5,6,4,6,4,3,4,6,1,198
408,NJ,3,4,2,3,2,4,5,2,2,5,3,1,4,5,3,272
409,CT,4,5,6,8,6,7,5,7,7,5,7,9,9,8,9,497
410,CT,5,6,6,7,5,8,6,7,6,6,6,8,7,8,4,576
411,NJ,3,2,3,4,5,5,2,4,2,3,2,2,5,2,3,200
412,NJ,5,5,3,4,2,2,5,3,5,4,3,2,4,6,5,239
413,PA,8,4,8,7,5,5,5,6,7,8,6,6,8,8,5,285
414,NY,6,8,5,5,4,6,8,5,6,6,8,5,8,5,9,383
415,MA,4,4,7,5,6,7,5,8,6,6,9,6,5,4,4,539
416,CT,6,7,7,7,4,5,7,5,6,6,8,5,4,7,7,667
417,NY,7,4,7,6,6,6,8,6,5,8,9,4,5,8,8,469
418,NJ,2,5,4,5,5,2,6,4,5,6,3,4,3,6,2,324
419,NY,4,8,4,4,8,8,5,6,5,6,5,9,7,8,7,695
420,NJ,2,2,6,3,2,5,2,6,4,4,6,5,3,1,1,176
421,CT,8,7,4,4,4,6,7,6,7,6,4,4,8,9,4,665
422,NY,5,6,6,4,6,5,8,6,6,6,5,7,7,6,7,659
423,CT,7,5,6,8,5,7,5,6,8,8,7,8,9,4,5,626
424,MA,5,8,5,4,6,6,6,8,7,7,7,7,8,5,8,640
425,NJ,5,2,3,4,3,5,3,3,2,2,2,4,3,6,4,331
426,NY,8,6,8,8,8,7,7,5,5,7,6,8,7,6,6,343
427,NJ,3,5,5,2,5,3,4,4,2,6,3,6,2,4,5,200
428,CT,7,5,4,4,7,8,8,6,6,8,9,9,9,5,7,382
429,NY,5,7,6,8,7,7,8,8,7,7,5,6,5,7,10,304
430,PA,6,6,8,8,5,6,7,6,6,5,5,4,6,4,5,382
431,NY,5,7,6,4,8,7,7,7,7,8,10,8,7,7,7,595
432,CT,4,4,8,6,6,5,8,8,8,5,5,8,9,9,7,352
433,CT,7,5,4,6,6,7,8,5,8,8,5,8,8,10,10,545
434,CT,8,6,7,6,6,7,6,5,8,8,4,9,8,4,7,341
435,PA,8,7,6,4,8,8,5,7,5,6,9,9,4,8,7,339
436,NY,8,7,4,5,5,6,5,8,8,6,5,7,8,6,6,519
437,MA,8,8,5,7,8,7,8,7,7,8,9,7,7,10,5,406
438,CT,7,7,8,4,4,5,8,8,7,5,5,5,8,7,7,530
439,PA,8,7,6,7,4,6,5,5,6,8,6,9,9,6,7,623
440,CT,6,8,4,5,4,5,7,6,6,7,7,7,8,8,9,323
441,MA,5,5,8,8,4,7,6,8,5,7,7,7,6,4,4,643
442,NY,7,5,5,7,7,5,6,6,8,5,8,8,7,7,4,492
443,PA,6,7,7,6,8,6,7,7,7,7,8,9,9,7,7,567
444,PA,4,4,7,4,7,5,8,8,5,7,8,7,8,6,6,748
445,MA,8,5,5,5,7,7,7,5,7,6,9,7,9,9,8,689
446,PA,7,4,5,4,5,8,8,6,6,6,8,5,5,8,9,439
447,CT,5,8,5,7,4,7,7,7,5,7,9,9,9,4,5,610
448,NY,5,8,7,6,4,6,6,6,8,5,4,6,7,9,9,639
449,PA,7,6,7,5,6,7,8,6,7,7,6,7,8,9,6,473
450,NY,4,5,4,7,6,8,7,6,5,8,6,6,4,7,6,598
451,NY,8,7,7,7,7,6,8,8,6,5,5,4,8,9,4,566
452,MA,5,5,6,6,4,8,5,5,7,6,5,5,5,4,5,266
453,NY,5,6,6,6,7,8,6,8,5,5,7,5,7,5,7,639
454,NY,4,4,6,6,4,5,8,6,8,8,9,4,4,9,4,557
455,CT,7,5,5,7,8,8,6,6,6,8,9,8,6,6,6,339
456,CT,7,7,8,6,6,8,7,7,5,8,7,4,8,9,6,476
457,CT,4,6,4,4,8,7,5,5,6,6,6,6,7,6,3,404
458,MA,4,6,5,7,5,6,8,8,8,8,10,10,6,8,6,362
459,NY,4,6,5,6,5,7,8,8,7,7,8,10,8,6,6,518
460,NY,8,7,5,8,4,7,7,8,6,6,6,7,4,4,7,397
461,NJ,5,3,5,4,3,6,6,6,4,6,4,8,7,3,4,346
462,CT,8,5,7,8,6,8,5,6,8,8,7,7,8,4,6,279
463,MA,7,4,7,4,4,8,8,7,6,6,5,7,4,9,8,698
464,NY,8,5,6,4,8,5,8,7,6,7,9,9,5,6,4,541
465,CT,6,7,7,8,6,6,8,8,5,5,9,7,7,6,7,650
466,NJ,2,5,4,6,6,6,5,5,2,2,6,6,1,3,1,265
467,NY,4,6,7,5,8,5,7,7,6,8,7,9,9,8,5,449
468,MA,5,5,5,6,8,7,5,6,8,6,9,7,6,6,4,624
469,MA,6,4,5,6,7,7,5,5,6,5,6,6,3,5,8,667
470,NJ,6,5,5,2,5,5,6,3,3,5,5,1,4,1,4,147
471,MA,5,5,4,5,4,8,7,7,8,5,9,6,8,8,7,488
472,CT,5,6,6,7,7,7,7,5,5,6,5,7,5,9,5,448
473,MA,4,4,5,7,6,7,5,5,6,8,7,8,9,4,5,547
474,NJ,4,5,5,2,5,5,4,4,5,6,5,6,6,3,3,369
475,CT,4,7,8,7,8,8,6,7,6,5,4,9,6,7,7,566
476,NJ,2,2,4,2,6,6,3,2,5,4,1,2,5,2,2,201
477,NJ,2,5,6,2,4,4,6,4,5,5,3,4,1,6,4,310
478,MA,6,6,7,7,7,8,6,7,6,5,6,7,4,6,8,485
479,NY,7,5,5,7,6,6,5,7,7,7,8,8,8,8,6,349
480,PA,8,4,6,4,8,8,5,6,5,6,8,4,5,6,5,355
481,PA,7,5,8,7,8,5,5,5,7,7,4,6,4,5,6,493
482,MA,8,4,5,5,6,5,7,8,6,8,4,9,4,4,5,466
483,CT,6,8,8,8,5,6,7,8,8,7,5,5,9,6,9,545
484,NJ,6,2,2,2,5,4,4,5,5,3,5,2,2,6,3,333
485,MA,4,5,4,5,7,7,8,8,5,6,9,8,9,9,7,363
486,PA,8,8,7,5,8,8,6,5,6,7,7,6,9,7,5,520
487,PA,5,6,5,8,4,6,6,7,8,8,5,5,6,7,5,460
488,NY,6,4,7,6,8,7,8,8,5,5,8,7,4,5,4,411
489,NJ,3,4,3,3,5,6,6,4,6,4,3,3,8,7,8,341
490,NY,8,7,4,7,8,7,5,7,7,5,9,9,9,9,4,424
491,PA,8,6,6,5,4,6,8,7,8,8,5,9,6,9,10,627
492,NY,8,5,6,8,8,7,7,7,5,7,6,7,6,8,5,453
493,NJ,5,3,2,2,6,4,4,6,6,3,1,2,6,6,5,477
494,NY,7,7,4,5,4,6,6,6,7,8,7,9,8,4,7,459
495,CT,6,5,6,6,8,6,7,6,5,5,4,5,7,5,3,478
496,PA,8,4,7,6,6,7,7,8,7,5,4,8,5,9,7,529
497,PA,5,6,7,7,8,6,6,7,6,7,9,4,4,9,4,655
498,CT,5,4,4,8,8,6,7,7,7,6,5,8,6,7,7,521
499,PA,8,8,4,6,7,6,6,7,8,5,5,7,5,5,8,503
500,MA,6,5,8,8,8,6,6,6,6,7,7,5,5,7,9,566
501,MA,5,8,5,7,7,5,7,7,6,7,8,8,9,8,8,477
502,NJ,5,6,4,6,4,4,3,6,3,2,6,5,2,2,1,174
503,PA,8,6,7,6,7,7,6,7,8,5,6,6,4,6,9,552
504,PA,6,4,8,4,8,8,6,6,8,6,6,4,9,9,8,463
505,NY,6,6,7,7,4,6,7,7,7,6,4,7,6,7,9,675
506,PA,6,6,6,6,8,6,5,6,6,6,7,8,5,4,6,427
507,MA,8,4,7,4,4,8,8,6,8,5,5,6,9,8,9,746
508,NY,6,7,5,6,6,7,8,7,7,5,7,8,4,6,7,432
509,MA,5,6,4,8,7,8,6,7,5,5,6,5,5,4,8,504
510,PA,7,7,4,8,4,6,5,7,5,7,8,9,4,5,6,652
511,NY,6,8,4,7,6,7,5,6,8,5,4,5,8,8,7,383
512,CT,8,8,4,6,7,5,5,6,7,8,8,4,7,7,6,496
513,MA,4,8,5,6,4,6,8,5,7,8,4,8,9,6,5,344
514,MA,5,5,7,5,5,8,6,7,5,8,5,5,7,8,5,592
515,MA,7,4,8,4,6,6,6,7,8,6,5,8,7,7,5,634
516,NJ,3,3,2,4,4,5,5,5,5,3,2,4,6,6,4,469
517,NY,4,7,5,7,4,8,6,6,6,5,4,6,9,6,9,651
518,NJ,2,4,3,5,4,2,3,2,4,6,5,6,2,2,4,195
519,CT,6,8,8,5,5,7,5,5,7,7,6,7,6,7,9,599
520,PA,6,8,4,6,4,8,5,5,8,5,6,9,9,6,5,539
521,MA,5,6,7,8,5,7,5,7,5,7,9,9,9,5,7,471
522,MA,7,7,7,5,5,7,5,5,8,5,9,7,5,5,9,336
523,NJ,2,6,6,3,2,4,5,6,5,6,8,8,3,7,5,628
524,NJ,4,5,6,3,5,2,4,6,3,3,4,6,2,1,2,151
525,PA,5,7,4,8,7,8,6,6,7,5,5,5,4,6,8,510
526,NY,8,4,8,5,8,5,5,7,7,8,6,5,9,6,7,292
527,PA,4,5,4,6,4,6,5,5,7,7,9,8,4,4,8,490
528,NY,6,4,6,4,5,5,7,7,7,5,7,5,5,7,8,632
529,NJ,6,5,3,2,5,3,3,5,4,4,2,2,6,4,6,377
530,NJ,5,6,6,5,3,4,3,3,4,3,4,3,1,5,4,228
531,NJ,2,6,6,6,6,5,6,6,3,5,5,4,5,6,4,431
532,NY,7,5,4,4,6,6,5,7,6,8,9,7,7,4,5,487
533,NY,5,8,6,8,6,5,7,6,6,5,4,7,5,6,6,614
534,CT,6,4,7,4,6,6,5,8,6,6,7,5,9,4,5,440
535,MA,5,8,7,7,8,8,5,6,7,7,4,6,4,4,7,426
536,PA,7,6,6,5,8,8,7,5,8,7,4,7,8,5,8,591
537,PA,4,6,4,6,8,5,5,8,8,5,6,5,5,8,9,402
538,NJ,6,3,2,6,5,6,4,5,2,6,5,6,1,6,5,349
539,NY,4,7,8,7,7,7,6,6,7,7,6,9,5,5,4,578
540,NY,8,8,7,6,5,7,5,6,5,5,7,6,8,6,6,612
541,CT,8,8,6,5,4,8,5,5,5,7,9,9,5,4,6,412
542,NY,8,6,5,6,4,7,8,7,5,5,6,4,7,8,7,295
543,CT,8,6,8,4,7,5,6,7,5,6,7,5,6,5,6,582
544,CT,5,8,7,5,6,7,8,8,5,8,5,9,5,5,10,649
545,PA,8,8,6,5,7,5,6,5,5,7,4,7,5,7,7,383
546,NY,8,5,8,8,5,6,6,6,8,5,7,4,9,8,5,466
547,MA,4,8,5,7,7,5,6,5,6,5,5,3,5,6,7,487
548,CT,5,5,8,6,5,7,5,7,7,6,9,8,6,5,9,770
549,MA,6,8,8,7,6,6,5,6,7,7,4,9,7,4,6,417
550,CT,7,8,5,7,7,5,6,5,8,7,9,9,6,5,8,759
551,CT,8,4,5,6,6,8,5,5,7,7,8,4,7,9,7,320
552,MA,6,7,5,4,4,6,6,8,6,7,4,6,5,6,7,431
553,NY,6,5,8,6,7,7,7,6,7,7,6,9,8,4,8,329
554,CT,4,5,8,5,5,5,8,7,5,7,7,8,4,8,6,588
555,NJ,3,4,3,4,2,4,3,6,5,5,1,5,6,6,5,386
556,MA,7,5,8,4,8,7,5,8,6,6,9,7,9,6,7,401
557,NJ,3,2,3,6,4,4,5,5,6,2,2,1,6,4,4,248
558,NY,4,6,8,7,8,5,5,8,6,8,7,9,7,7,8,637
559,MA,7,6,5,4,5,6,6,8,6,8,8,6,5,8,8,333
560,NJ,3,3,4,3,6,6,4,6,2,4,6,1,1,2,4,166
561,NJ,2,6,2,2,3,2,6,3,3,6,2,6,3,3,1,217
562,CT,4,8,7,7,7,7,8,5,8,8,10,10,9,7,10,695
563,CT,6,6,6,8,8,7,6,7,8,8,8,7,9,7,6,434
564,MA,7,7,4,6,7,5,8,5,8,7,5,6,7,6,8,508
565,MA,7,6,8,4,5,7,5,8,7,7,5,4,4,8,8,369
566,MA,7,5,4,5,7,7,6,7,8,5,8,6,4,9,8,454
567,MA,5,8,5,8,8,5,6,8,7,5,6,4,8,9,9,673
568,PA,4,7,8,7,4,6,7,5,7,7,4,4,8,8,7,341
569,MA,6,7,5,7,8,8,5,8,8,8,5,7,5,7,10,659
570,NJ,3,4,4,6,5,4,6,6,4,2,3,3,6,3,6,191
571,MA,4,6,7,6,4,8,5,7,6,5,5,9,7,6,8,657
572,NJ,4,3,5,2,6,4,6,4,3,6,4,3,5,5,1,209
573,NJ,5,2,2,3,4,5,3,5,3,3,1,5,4,6,1,264
574,CT,7,5,8,5,7,7,8,5,8,6,7,8,7,9,4,512
575,PA,5,8,5,6,5,6,8,8,5,8,4,8,9,8,6,732
576,MA,7,8,4,8,7,7,8,5,7,7,4,8,8,4,4,350
577,NY,6,7,6,7,6,5,8,6,6,6,8,7,7,7,6,497
578,NJ,6,3,4,5,5,3,3,4,2,6,4,1,6,4,5,308
579,PA,4,4,7,7,4,5,8,8,6,5,9,6,6,4,4,637
580,MA,7,4,6,4,8,5,5,5,5,7,4,5,4,5,3,378
581,PA,6,7,4,8,4,7,7,5,6,6,6,7,9,5,5,588
582,NJ,6,5,3,2,3,3,3,6,5,4,3,2,2,2,4,178
583,PA,5,7,8,4,5,6,5,7,6,5,4,3,8,8,8,619
584,MA,8,7,6,7,8,5,6,7,5,8,8,5,4,6,9,525
585,NY,4,4,8,4,6,8,6,8,5,8,4,8,7,8,9,544
586,NY,6,8,4,5,6,5,6,7,6,7,8,5,5,6,7,434
587,PA,4,5,7,6,6,5,5,5,7,5,6,6,7,5,5,355
588,NY,8,8,6,7,5,6,8,8,6,6,9,6,4,5,4,515
589,NJ,6,5,4,6,6,6,4,2,2,6,6,6,6,1,4,470
590,CT,5,4,4,6,5,7,7,6,8,8,7,10,7,5,7,306
591,NJ,2,4,3,4,3,6,3,2,4,5,3,3,2,5,6,209
592,NY,8,4,7,8,6,8,8,7,5,5,8,6,6,6,8,648
593,PA,8,4,7,8,5,6,8,8,6,8,9,6,5,6,8,679
594,CT,6,6,5,5,4,7,6,7,5,8,5,5,5,8,5,497
595,MA,7,6,6,5,8,5,5,5,5,8,4,8,6,3,4,446
596,PA,6,5,6,6,8,8,5,5,6,7,7,7,7,5,4,657
597,NJ,4,2,5,2,5,3,5,5,4,6,3,2,4,1,2,163
598,NY,7,5,8,5,4,8,7,6,7,7,7,8,7,6,8,578
599,NJ,6,5,6,4,4,3,3,4,3,3,1,3,1,3,4,136
600,NY,5,6,6,4,5,7,6,7,5,7,5,9,4,7,7,428
601,NY,5,5,6,5,8,7,7,6,5,6,4,7,8,9,8,394
602,PA,8,8,4,5,4,5,5,6,7,8,4,6,9,7,7,628
603,MA,7,8,5,5,8,6,6,7,5,7,8,6,6,4,9,444
604,MA,4,6,6,6,4,7,5,8,5,6,5,7,5,7,6,351
605,CT,6,6,8,5,8,6,5,8,7,5,8,5,6,4,7,540
606,CT,6,8,8,7,6,7,8,5,5,6,7,5,4,6,5,467
607,NJ,3,5,6,4,2,5,5,6,5,5,5,4,7,8,8,407
608,MA,5,4,8,6,8,6,7,5,8,8,8,4,4,5,4,349
609,PA,5,7,4,6,6,7,8,7,8,6,7,8,9,6,10,445
610,CT,8,7,5,6,8,7,6,5,8,5,4,7,7,5,7,425
611,NJ,4,3,4,5,5,2,3,5,2,5,5,6,2,1,3,289
612,MA,8,5,8,6,6,7,5,6,8,6,4,9,5,6,6,310
613,NY,6,6,7,8,7,6,7,6,7,6,8,5,5,9,5,569
614,NJ,2,2,5,6,2,3,4,6,4,5,1,4,4,3,5,348
615,CT,4,6,5,7,4,5,7,6,6,7,5,4,7,9,7,487
616,NJ,6,4,8,4,8,7,5,8,7,6,4,5,5,7,6,323
617,PA,5,5,7,5,6,5,6,6,6,8,9,8,4,8,4,669
618,CT,7,6,4,8,8,5,8,5,6,5,5,4,3,8,7,429
619,MA,4,4,4,6,6,8,6,5,8,6,6,9,7,7,9,491
620,MA,5,6,4,7,8,6,7,7,5,5,7,4,4,8,8,313
621,MA,4,5,4,4,4,7,7,6,5,7,7,7,8,8,5,600
622,NJ,6,4,8,7,4,5,8,5,8,6,5,9,7,4,5,380
623,CT,8,4,6,4,4,5,7,6,6,5,5,7,7,5,4,644
624,CT,4,8,8,4,4,7,8,7,7,6,6,8,10,9,5,607
625,NY,4,5,8,5,8,5,8,8,8,5,8,5,7,6,8,438
626,PA,4,5,7,5,7,8,8,5,5,5,5,7,9,9,5,364
627,NY,6,8,5,4,6,5,8,8,8,7,7,6,6,10,6,385
628,NJ,8,7,6,8,7,6,6,6,5,6,6,6,8,3,5,374
629,NY,5,6,5,6,8,5,7,5,6,6,4,7,6,3,7,464
630,PA,8,8,5,8,5,5,8,5,5,7,7,7,5,4,5,650
631,PA,6,5,6,8,6,5,6,6,6,6,3,5,4,5,6,494
632,PA,6,6,4,5,6,8,8,5,6,7,7,4,9,8,5,368
633,MA,5,8,6,5,4,7,7,8,7,5,7,8,8,4,5,334
634,CT,6,8,5,6,7,5,5,8,6,6,4,7,7,5,4,576
635,CT,5,8,8,5,4,7,5,5,8,7,5,4,6,8,6,519
636,NY,4,7,7,6,4,8,6,7,7,5,9,5,9,8,7,444
637,PA,6,6,8,4,7,5,6,6,8,5,8,6,9,4,9,681
638,NY,6,4,7,7,5,5,6,5,7,8,6,6,5,6,9,376
639,CT,8,7,8,5,4,5,7,6,8,6,5,9,4,9,5,593
640,NY,6,4,7,7,4,5,8,6,8,6,8,5,9,9,4,568
641,PA,5,4,4,7,7,7,7,8,7,5,8,4,5,7,5,487
642,NY,7,4,7,7,8,7,8,7,7,6,5,6,8,7,6,503
643,PA,7,6,8,5,8,6,5,6,5,5,8,7,5,5,7,569
644,NY,6,7,7,6,6,5,6,5,6,8,6,7,7,6,4,657
645,NJ,4,5,6,5,4,8,7,7,5,8,8,5,9,8,6,535
646,PA,8,4,5,7,4,8,6,5,8,7,6,7,4,4,4,496
647,NY,8,6,6,7,6,7,6,6,8,5,7,8,9,6,8,623
648,NY,7,4,5,7,6,5,7,6,7,5,5,9,5,4,4,229
649,PA,6,4,8,4,6,5,8,7,8,7,10,6,8,10,7,605
650,PA,4,5,6,8,4,5,5,8,8,5,7,8,9,6,8,386
651,CT,5,7,5,7,5,6,5,5,6,8,9,5,7,6,4,661
652,NY,8,5,4,8,6,5,6,7,6,8,8,8,8,7,5,504
653,MA,7,5,6,8,4,7,5,6,5,5,6,4,4,7,7,453
654,MA,8,5,6,4,6,6,5,8,6,7,5,6,6,9,9,690
655,NJ,4,8,8,4,6,8,6,7,7,7,8,6,5,7,10,570
656,MA,4,5,4,4,4,7,6,8,8,6,10,6,7,5,9,588
657,NJ,5,7,4,6,7,7,5,7,7,7,4,5,4,9,6,621
658,PA,7,6,5,6,7,8,7,7,5,7,5,8,4,8,8,534
659,MA,8,7,8,8,8,8,6,5,5,8,7,9,5,8,5,581
660,NY,6,5,7,5,4,5,8,5,7,8,6,5,4,7,7,383
661,NY,5,8,8,5,7,6,7,7,7,5,8,8,7,8,7,555
662,MA,4,8,5,5,4,8,6,5,8,8,5,6,9,6,10,513
663,NY,6,8,6,8,6,6,6,7,8,6,7,4,4,8,5,345
664,CT,8,6,4,5,4,5,7,6,6,6,4,4,6,8,8,470
665,CT,7,6,7,6,6,6,7,7,8,7,6,6,5,8,9,400
666,PA,4,5,7,6,7,5,5,6,5,5,7,8,4,7,5,414
667,MA,7,8,8,7,7,7,8,8,8,5,8,10,5,8,5,755
668,NY,8,5,7,4,8,8,7,8,8,7,5,5,10,7,10,738
669,MA,8,6,5,6,7,7,6,5,7,5,9,7,9,7,8,580
670,MA,8,4,8,4,6,5,7,6,7,8,7,7,8,5,4,703
671,NY,8,7,6,4,4,8,8,6,5,5,6,7,6,7,9,682
672,NY,8,7,7,4,6,6,6,7,5,8,7,4,4,4,8,256
673,NJ,5,8,4,8,4,8,7,7,6,8,10,10,10,5,8,441
674,MA,8,7,6,7,4,7,5,8,7,8,7,10,10,7,6,347
675,MA,4,5,5,6,4,7,7,6,8,7,6,6,10,8,7,705
676,CT,5,7,7,8,8,7,7,7,5,5,4,8,8,9,9,611
677,PA,6,8,8,8,7,7,6,7,8,6,7,7,6,7,4,459
678,NY,5,8,6,4,5,6,8,7,7,8,5,10,5,10,9,330
679,MA,8,4,4,6,5,6,5,8,5,7,7,7,8,9,5,692
680,CT,7,8,7,4,8,5,6,8,6,8,6,8,9,5,9,703
681,PA,4,7,8,8,5,7,7,7,5,8,8,8,6,4,9,560
682,PA,8,5,4,6,7,7,5,6,8,5,8,5,8,6,7,423
683,MA,5,4,8,6,6,7,7,7,8,7,5,9,8,8,5,370
684,CT,4,8,8,4,8,8,8,8,5,8,7,10,9,7,7,462
685,PA,6,6,6,6,8,6,7,6,7,7,8,8,6,9,9,341
686,CT,4,6,8,4,6,8,5,7,7,6,4,8,5,4,7,256
687,NJ,5,4,5,8,6,8,8,5,7,5,8,9,9,6,7,309
688,CT,6,8,6,7,4,7,6,5,6,7,7,4,5,7,9,387
689,MA,7,4,6,7,7,5,8,5,6,6,4,5,6,7,8,728
690,CT,6,6,5,4,7,7,7,7,6,8,8,8,7,8,6,519
691,CT,7,4,7,5,8,8,7,6,6,5,9,7,8,6,7,545
692,NJ,7,8,8,7,4,8,6,5,7,7,4,5,4,7,7,396
693,NY,6,5,8,5,6,8,5,6,8,6,4,6,7,6,5,555
694,NY,6,5,4,6,4,6,5,8,7,5,5,8,6,5,4,416
695,MA,4,6,6,4,6,7,7,5,7,8,6,4,6,7,5,621
696,MA,4,6,8,7,7,8,7,7,5,5,4,5,4,5,6,262
697,PA,4,7,4,7,5,7,7,6,5,5,9,8,9,6,4,522
698,PA,8,6,8,4,6,5,6,6,8,5,9,8,6,6,7,519
699,NJ,8,8,8,7,6,7,8,7,7,7,9,7,9,9,10,523
700,MA,4,4,5,4,8,8,8,7,5,7,10,5,10,8,10,508
701,NJ,6,4,4,6,8,6,6,8,6,8,7,6,9,6,8,314
702,NY,7,6,7,4,8,8,8,7,6,8,7,9,7,6,5,402
703,PA,6,6,6,6,6,7,6,8,6,7,5,4,6,5,9,608
704,NY,6,7,7,7,5,6,5,8,6,8,4,8,9,7,7,486
705,NY,5,7,7,6,7,7,7,6,7,6,9,9,6,9,9,578
706,PA,5,6,7,8,5,8,8,5,6,7,7,9,7,7,4,568
707,CT,7,7,4,5,6,8,8,5,7,8,10,9,5,7,6,419
708,PA,8,6,4,4,7,7,8,7,6,6,5,7,6,8,4,607
709,PA,6,8,5,6,5,7,7,5,5,8,9,5,8,9,7,483
710,MA,8,8,7,7,7,8,6,7,5,5,4,4,6,4,8,649
711,CT,8,5,6,5,8,5,6,8,8,6,6,7,7,9,9,593
712,CT,5,6,7,4,8,6,7,8,5,7,4,9,7,5,8,360
713,NY,5,8,6,4,7,8,8,5,7,8,9,7,8,6,5,720
714,MA,5,5,8,7,6,7,8,6,6,6,6,7,6,7,7,289
715,NJ,8,5,5,7,6,7,8,8,6,6,8,10,9,9,8,545
716,CT,6,4,6,8,4,7,6,5,5,7,7,8,4,7,8,411
717,MA,4,4,5,6,7,6,8,5,5,8,6,5,8,4,5,430
718,NJ,6,8,6,4,6,6,6,8,7,5,9,9,6,6,8,410
719,PA,4,8,8,8,7,7,8,8,7,8,7,7,8,5,6,381
720,MA,8,7,6,8,8,7,6,7,8,8,6,6,8,8,5,676
721,MA,4,6,4,5,5,8,5,8,5,7,5,6,9,9,8,443
722,MA,6,5,5,7,5,5,8,5,6,8,7,4,4,5,6,444
723,PA,6,8,5,7,6,7,5,7,7,6,6,7,9,6,5,414
724,MA,6,4,4,8,8,5,5,8,8,8,7,4,9,5,8,660
725,MA,8,5,5,8,8,8,5,7,5,8,9,5,8,5,5,353
726,MA,7,6,6,5,8,8,5,6,6,7,4,5,8,9,5,371
727,NY,5,8,8,5,7,5,5,6,6,7,3,5,7,7,3,381
728,MA,8,5,5,8,6,5,6,7,5,7,4,6,4,7,8,516
729,CT,6,4,5,8,4,5,7,6,8,7,6,4,6,9,4,608
730,CT,6,8,5,4,8,8,6,8,5,6,7,7,7,6,6,279
731,CT,7,5,8,6,4,8,8,8,5,5,8,6,9,7,9,490
732,MA,7,5,8,8,5,6,5,5,8,8,4,9,8,5,5,354
733,MA,7,5,8,8,7,7,8,8,5,6,9,8,6,8,8,333
734,MA,6,7,7,7,8,7,7,5,8,5,8,5,7,6,9,564
735,NJ,4,7,7,4,5,8,7,8,6,8,6,8,8,8,5,557
736,NJ,8,6,5,6,4,7,5,7,6,8,8,4,8,8,9,504
737,NY,7,8,6,8,7,8,7,5,8,5,8,5,6,7,7,313
738,CT,8,6,4,7,5,7,5,8,8,8,6,6,8,9,5,470
739,CT,8,8,8,8,6,6,5,6,7,5,5,8,6,4,6,361
740,CT,5,5,6,5,6,6,6,5,7,8,4,9,4,8,9,506
741,PA,6,7,7,6,7,5,8,8,7,7,9,7,6,5,7,572
742,NY,4,7,7,7,5,6,5,7,6,5,4,5,7,6,5,263
743,NY,5,7,7,5,8,8,6,8,8,5,5,5,10,7,6,488
744,CT,5,5,5,4,7,8,5,6,6,6,6,4,5,5,8,545
745,NJ,7,7,7,6,8,6,6,6,7,5,4,9,6,9,4,451
746,PA,6,6,4,4,8,5,5,7,6,7,9,5,7,9,5,415
747,NY,7,4,5,7,4,5,5,7,7,6,8,7,4,4,9,343
748,PA,8,4,6,7,7,7,6,7,6,5,6,6,9,6,4,418
749,NJ,7,5,8,5,7,7,8,8,6,7,6,8,9,7,9,524
750,NJ,5,5,6,6,7,6,5,7,6,7,4,5,9,6,7,634
751,MA,5,4,6,6,8,8,8,8,6,6,7,7,7,9,9,517
752,PA,5,6,8,5,7,6,7,6,6,7,4,4,9,8,6,347
753,NY,7,6,8,5,8,5,5,8,6,7,6,5,8,8,9,755
754,PA,4,6,7,6,4,7,5,6,8,6,8,5,6,8,7,584
755,MA,6,4,7,7,8,7,7,6,7,7,5,6,4,9,6,519
756,NJ,7,4,8,4,8,5,7,7,6,8,4,7,6,8,9,763
757,PA,5,8,7,6,7,5,6,6,8,7,4,4,4,5,9,648
758,PA,6,8,7,8,6,7,5,8,6,6,7,5,6,5,4,239
759,PA,5,5,5,4,7,8,7,5,5,5,7,4,8,6,4,522
760,NY,8,8,6,6,6,5,8,7,5,7,6,8,5,8,6,583
761,NY,4,5,5,4,8,6,8,7,7,7,5,8,7,5,8,574
762,MA,8,4,7,7,6,7,6,5,6,7,6,9,4,5,8,276
763,PA,6,8,6,7,7,7,5,8,5,7,5,7,8,4,4,604
764,NJ,5,7,7,6,6,7,7,8,7,8,8,5,9,8,8,641
765,PA,5,8,5,4,8,7,6,5,7,6,9,9,4,5,9,329
766,NY,4,4,5,5,3,5,4,4,5,5,4,1,2,3,6,307
767,NY,5,5,3,3,4,4,4,4,4,5,5,5,4,6,3,403
768,CT,4,5,5,3,3,5,4,6,6,4,5,7,6,4,4,275
769,NJ,4,5,3,4,3,5,6,5,6,6,3,3,3,3,8,327
770,CT,3,4,3,4,3,5,5,6,4,5,5,7,5,7,8,449
771,MA,3,3,3,3,5,5,6,6,5,4,8,8,5,5,7,668
772,CT,3,3,5,5,4,5,5,6,5,4,7,8,6,5,3,375
773,NJ,5,5,5,4,4,6,5,4,4,5,4,2,4,1,4,141
774,CT,3,4,4,5,5,6,5,4,5,6,5,3,5,7,8,628
775,NJ,4,3,3,3,3,4,4,6,4,5,3,4,1,5,4,248
776,PA,3,5,5,5,3,5,6,4,6,5,7,7,8,7,5,352
777,NJ,5,4,3,3,3,6,5,5,5,6,3,8,5,7,3,601
778,NY,5,4,3,3,4,4,6,4,4,4,4,3,2,5,1,236
779,MA,3,4,5,4,5,4,4,5,5,4,1,4,6,2,1,161
780,NY,5,3,5,5,5,5,5,5,6,4,3,4,5,7,6,461
781,PA,5,5,5,5,4,5,6,6,5,4,3,3,3,7,3,231
782,PA,5,5,4,3,4,5,5,5,6,4,8,8,8,5,3,512
783,NY,3,3,3,3,5,6,5,6,5,5,8,8,6,4,8,510
784,NJ,4,4,3,3,5,4,6,6,4,4,2,2,1,5,2,220
785,MA,5,3,4,3,4,6,4,4,5,5,1,4,4,5,1,112
786,NJ,5,4,4,4,3,5,4,5,6,5,8,6,8,5,6,312
787,MA,4,3,3,3,5,6,6,6,4,5,7,8,5,4,3,685
788,NY,5,4,3,3,3,6,6,5,6,6,4,8,7,4,8,456
789,PA,4,3,3,5,4,4,4,4,5,6,5,6,5,3,1,242
790,PA,4,3,3,3,3,4,6,6,4,4,5,2,4,3,4,330
791,NY,3,5,5,3,4,5,4,4,4,6,4,1,5,1,2,163
792,NY,4,5,4,5,5,5,4,6,5,6,8,7,6,3,5,464
793,NJ,3,3,3,5,3,4,6,6,5,5,3,6,5,6,4,490
794,CT,5,4,4,5,5,5,6,4,6,6,8,4,6,7,8,413
795,MA,5,4,4,5,3,6,4,6,4,6,8,6,8,6,6,605
796,PA,3,4,5,5,5,5,5,4,6,6,5,5,7,6,3,292
797,MA,5,4,5,4,4,6,5,5,5,5,7,4,8,5,8,489
798,NY,3,4,4,4,4,4,4,6,6,5,5,3,6,8,8,676
799,CT,4,4,3,3,3,5,6,6,6,5,4,8,6,4,3,322
800,NJ,4,4,5,4,3,6,5,4,5,5,4,5,5,3,7,304
801,NY,5,3,4,4,4,6,4,4,4,4,4,5,4,4,5,429
802,CT,4,3,3,4,5,5,5,5,5,6,3,6,8,8,7,608
803,PA,5,5,5,4,5,6,4,6,4,6,7,4,7,3,4,341
804,CT,5,3,5,3,3,5,5,5,4,6,3,4,8,8,8,689
805,MA,3,3,4,5,5,6,6,5,5,4,8,3,8,3,4,585
806,PA,4,3,5,4,3,5,4,4,4,4,4,4,2,6,5,150
807,MA,5,4,4,5,5,6,6,5,6,6,4,8,6,3,4,458
808,NJ,5,3,3,3,4,4,5,6,6,5,5,3,6,3,6,386
809,MA,5,5,5,5,3,5,5,4,6,5,8,5,5,3,7,415
810,NJ,5,4,4,4,5,6,5,6,6,6,7,6,5,4,4,484
811,MA,5,3,4,5,3,4,6,6,4,6,7,6,5,7,7,314
812,NJ,5,4,5,4,3,5,4,4,4,4,2,1,1,5,4,118
813,CT,4,5,3,3,4,4,6,4,4,6,2,2,4,3,2,181
814,CT,4,5,5,5,5,4,5,6,4,4,6,4,4,5,3,331
815,NJ,4,4,3,4,3,4,4,4,4,5,4,5,1,3,2,150
816,CT,3,3,4,3,3,5,5,6,6,4,8,3,6,6,5,289
817,CT,5,5,4,4,4,6,5,4,4,4,3,4,6,5,4,366
818,CT,5,4,4,4,5,4,4,4,5,4,2,3,6,6,4,377
819,PA,5,5,3,4,5,6,6,6,4,4,5,7,5,7,4,492
820,NY,4,5,5,4,5,4,6,5,5,6,4,7,8,5,3,275
821,NJ,3,5,3,5,4,4,6,5,5,5,4,8,8,3,4,294
822,CT,4,4,3,5,3,5,5,6,5,4,5,8,4,8,5,694
823,NJ,4,4,5,5,4,6,5,5,6,4,6,3,6,7,3,491
824,NJ,3,3,4,3,4,5,4,6,4,6,3,7,7,8,5,554
825,NY,5,4,3,4,5,5,5,5,6,4,7,3,5,6,6,353
826,CT,5,3,3,4,3,4,6,4,4,6,1,6,5,4,3,401
827,CT,3,3,5,5,5,5,4,4,4,6,3,4,4,2,2,220
828,NJ,3,5,5,4,4,4,4,4,6,5,1,1,6,5,3,200
829,NJ,3,5,4,4,5,4,6,4,6,4,6,5,1,2,1,157
830,CT,5,4,4,5,3,4,5,5,6,6,5,3,6,3,3,457
831,NY,3,5,4,3,4,5,6,4,5,5,4,4,6,8,4,491
832,CT,5,3,5,4,3,4,6,5,4,5,5,2,4,5,5,234
833,NY,4,5,3,3,4,5,6,4,4,5,3,2,1,2,6,118
834,CT,5,3,5,3,5,6,5,5,4,4,2,5,6,3,2,229
835,MA,5,4,3,4,5,6,4,6,5,6,6,6,3,6,4,368
836,NJ,5,3,5,4,5,4,5,6,6,4,5,5,8,3,3,365
837,CT,4,4,5,4,4,4,4,5,5,5,3,3,3,5,5,229
838,PA,5,5,4,4,3,5,4,5,4,6,5,1,5,5,2,493
839,NY,4,3,5,5,3,4,5,4,5,5,1,3,5,1,4,204
840,MA,5,3,5,5,4,4,5,4,4,5,6,5,6,1,4,273
841,NY,5,3,3,4,5,5,5,5,6,6,6,7,8,4,8,686
842,CT,5,3,3,3,3,5,5,5,5,6,7,5,5,3,5,428
843,PA,3,5,4,3,3,5,4,4,5,6,1,4,5,1,2,136
844,NY,5,5,5,5,3,5,4,5,4,6,3,2,3,6,6,211
845,PA,5,4,3,5,4,6,5,5,4,6,5,5,5,6,5,381
846,PA,5,4,3,5,4,6,4,6,5,5,6,3,7,8,4,441
847,PA,5,3,3,5,3,6,5,5,6,5,8,5,3,5,6,319
848,NJ,4,3,5,3,5,6,5,6,4,6,6,8,8,7,8,509
849,CT,3,3,5,4,3,6,6,5,6,6,4,8,5,5,8,407
850,MA,4,5,4,3,3,4,5,4,6,5,2,3,2,5,1,207
851,PA,3,5,4,5,3,5,4,5,4,4,2,2,2,4,1,131
852,PA,4,3,5,5,4,6,6,6,4,6,7,6,6,4,4,430
853,NJ,3,3,5,4,4,6,5,6,5,5,6,8,6,8,5,456
854,NY,5,5,4,4,5,6,4,5,4,6,3,8,3,6,7,396
855,CT,3,4,3,4,5,6,6,4,5,4,3,4,4,5,6,352
856,MA,5,3,4,4,3,4,6,6,4,5,5,6,7,4,8,594
857,PA,3,5,3,4,5,5,4,4,5,5,4,4,5,1,6,174
858,PA,5,5,3,5,3,6,6,6,4,6,3,8,3,8,6,578
859,MA,4,4,5,3,5,5,5,6,5,5,6,3,5,5,5,436
860,PA,4,5,3,3,5,5,5,5,5,4,3,6,3,6,1,456
861,CT,3,4,4,4,3,4,5,4,5,5,5,3,1,5,4,411
862,NY,4,5,4,4,3,5,4,6,4,6,4,6,7,3,8,325
863,CT,5,3,5,3,4,6,4,4,5,5,3,2,2,2,1,121
864,NY,4,3,3,4,4,6,4,6,4,4,3,2,6,1,1,135
865,PA,4,4,5,4,3,5,4,6,5,4,1,1,6,5,2,238
866,NJ,3,4,4,4,5,6,6,5,5,5,4,6,8,7,8,526
867,CT,4,3,3,4,3,5,6,6,4,6,5,7,3,5,3,485
868,NJ,5,5,4,4,5,4,6,6,5,4,8,8,5,4,6,361
869,CT,4,4,3,4,5,4,5,6,5,5,8,8,7,6,8,506
870,CT,3,5,4,3,4,5,6,4,4,4,4,6,1,1,1,165
871,CT,4,4,4,3,4,6,4,4,5,5,4,2,5,3,5,252
872,CT,3,5,4,4,4,5,6,6,5,4,6,6,7,7,7,456
873,PA,3,5,5,4,5,6,5,5,4,5,3,6,8,4,3,430
874,MA,4,5,5,3,5,6,6,6,4,6,4,3,4,6,7,252
875,PA,3,4,5,4,5,6,4,5,6,4,8,7,8,8,8,384
876,MA,3,4,5,4,3,5,5,6,6,6,6,6,3,3,8,273
877,MA,3,5,3,5,4,4,4,4,5,5,2,5,4,3,4,158
878,NY,3,5,3,4,5,6,5,6,4,5,4,8,6,4,3,263
879,MA,3,3,3,3,4,4,4,5,6,6,3,3,5,8,7,505
880,NJ,4,5,5,3,4,4,5,4,5,6,2,6,4,1,4,299
881,NJ,5,5,5,5,5,6,5,5,5,4,8,5,8,4,8,604
882,PA,5,3,5,3,4,5,6,4,6,5,4,4,7,6,8,535
883,NJ,3,4,4,5,3,4,6,5,6,6,5,7,8,3,3,251
884,MA,5,3,4,5,5,6,4,4,5,5,6,2,4,6,4,486
885,NY,3,3,4,4,3,4,5,5,4,6,4,4,3,6,4,351
886,NJ,4,4,4,3,3,5,5,6,5,4,8,8,4,8,3,622
887,NY,4,3,3,4,5,6,4,5,4,6,8,7,4,8,8,614
888,NY,4,3,5,4,4,6,5,5,6,5,5,3,3,6,7,361
889,PA,4,4,3,5,5,5,4,4,6,6,7,5,3,3,8,227
890,CT,3,5,4,5,4,4,5,6,4,6,7,3,8,4,6,386
891,CT,3,3,3,5,5,4,6,4,5,4,4,5,1,4,1,330
892,PA,5,5,4,4,5,4,4,6,4,5,5,6,6,5,2,287
893,NJ,4,5,4,4,3,6,6,6,6,6,4,7,4,4,5,437
894,PA,5,5,3,4,5,4,4,4,6,4,2,1,3,1,6,119
895,MA,4,3,4,5,4,5,6,6,5,6,5,4,4,3,5,160
896,NJ,4,3,3,4,4,4,4,6,5,4,2,5,5,6,5,261
897,MA,5,3,5,3,5,6,5,4,4,5,2,2,3,5,2,204
898,CT,3,5,3,4,4,5,6,5,6,4,5,5,5,8,8,691
899,MA,3,4,5,3,3,6,6,6,4,6,6,7,8,7,8,394
900,PA,4,4,4,3,5,5,4,6,4,5,4,8,7,5,8,667
901,NY,3,3,3,5,4,5,6,5,6,5,4,7,8,5,3,287
902,PA,3,4,4,5,3,4,5,4,4,5,3,5,3,6,1,435
903,PA,5,5,3,3,4,5,4,6,6,4,3,6,7,3,4,458
904,PA,4,4,5,4,5,6,4,5,4,5,5,5,5,3,5,309
905,CT,5,5,5,3,4,6,4,6,4,4,4,6,4,5,8,387
906,NJ,5,4,3,5,3,4,4,5,6,4,6,3,2,3,5,132
907,MA,5,5,3,3,3,5,4,6,4,6,5,4,8,7,3,442
908,NJ,3,5,3,5,3,4,6,5,5,5,3,8,4,5,3,452
909,CT,5,5,3,3,3,4,4,4,4,4,3,5,1,6,3,136
910,NY,3,3,3,4,3,5,4,6,6,6,7,3,8,5,5,466
911,NY,4,4,5,4,3,4,6,6,5,4,4,3,5,7,5,475
912,NJ,3,5,5,4,4,5,4,4,4,5,3,3,1,1,1,106
913,NJ,5,5,5,4,3,6,5,5,6,6,4,4,3,4,8,357
914,CT,4,4,3,4,3,4,4,6,5,4,2,4,5,1,6,139
915,PA,3,5,4,4,5,6,4,6,4,6,5,8,3,5,4,426
916,CT,4,4,3,3,4,6,5,5,6,6,8,5,5,3,5,225
917,NY,3,4,4,5,5,6,4,5,6,6,8,4,5,3,4,291
918,PA,5,4,6,6,5,4,4,5,7,4,3,7,8,5,5,527
919,NJ,4,4,5,4,4,4,5,4,5,5,1,1,2,2,1,142
920,NJ,3,4,4,4,4,6,4,5,6,6,6,6,6,4,3,372
921,PA,6,6,3,4,3,3,7,5,4,5,8,3,7,7,8,366
922,NJ,5,4,3,5,4,6,6,5,6,5,6,5,3,5,6,457
923,CT,4,5,5,4,4,4,4,5,5,6,7,8,8,3,5,678
924,NY,3,4,4,3,4,6,5,4,6,6,5,3,8,4,3,442
925,NJ,5,4,5,5,5,4,5,5,4,5,3,5,1,4,4,322
926,PA,6,6,5,5,5,3,7,6,5,6,3,8,7,3,7,359
927,MA,3,4,5,5,3,5,5,6,5,4,3,6,4,5,6,334
928,NY,4,5,3,5,5,6,6,4,4,4,3,6,4,4,6,349
929,PA,5,6,4,4,6,4,6,5,7,7,7,5,7,4,4,633
930,MA,5,4,4,4,3,5,5,6,5,4,5,7,5,5,4,278
931,CT,5,4,4,3,4,6,5,4,4,5,3,6,6,4,7,361
932,CT,4,3,3,4,5,6,4,4,5,4,3,1,4,5,1,139
933,NY,4,5,5,5,5,6,6,4,5,4,8,8,5,7,4,527
934,CT,5,4,5,4,4,5,6,5,4,4,4,6,3,8,4,474
935,NY,3,5,5,5,3,5,5,6,6,4,8,3,8,8,7,520
936,NY,4,4,3,5,4,4,5,6,4,5,5,5,6,3,3,330
937,MA,4,3,5,4,3,5,6,4,4,6,3,6,8,8,4,335
938,MA,4,5,3,3,5,5,4,4,4,6,5,1,6,4,1,284
939,PA,4,5,6,5,3,4,7,6,6,7,5,5,7,7,9,467
940,PA,3,6,4,6,5,5,6,5,6,3,8,6,5,6,6,357
941,CT,5,5,4,3,3,4,4,5,5,4,1,5,4,2,2,180
942,CT,5,3,3,4,4,4,4,6,6,4,8,5,5,7,7,297
943,CT,3,5,3,4,4,4,6,5,5,5,6,3,4,5,4,324
944,CT,5,3,4,5,3,6,5,6,6,4,7,6,4,7,7,604
945,CT,4,4,5,5,4,6,6,5,4,5,5,5,6,8,3,275
946,PA,3,4,4,5,5,4,3,5,5,4,4,2,5,2,4,168
947,PA,5,6,4,3,3,3,5,6,7,5,3,7,8,6,6,587
948,CT,4,3,3,5,5,4,5,6,5,4,7,3,8,8,4,565
949,NJ,5,3,4,4,3,6,5,4,4,4,6,6,4,6,6,528
950,NY,3,3,5,4,4,6,6,5,4,4,5,5,5,6,8,312
951,CT,3,4,4,3,3,5,5,6,4,6,7,3,6,5,5,613
952,MA,4,5,3,3,3,4,5,5,6,5,3,3,3,7,4,315
953,PA,5,5,5,4,5,7,5,3,4,4,4,6,5,4,1,346
954,CT,3,3,3,4,3,6,4,5,5,4,6,7,7,8,3,584
955,CT,4,5,5,3,5,6,4,4,5,5,7,3,4,3,4,289
956,CT,5,3,3,5,5,6,5,5,6,6,7,5,6,6,4,511
957,CT,4,5,5,3,5,6,4,4,6,4,7,3,3,6,8,504
958,NJ,4,3,4,4,5,4,6,4,5,4,4,5,6,5,2,325
959,MA,5,5,5,4,5,6,4,5,5,5,7,4,5,4,3,339
960,NJ,5,4,4,3,5,4,4,6,5,4,5,4,5,4,1,243
961,PA,3,6,3,3,6,3,5,4,7,5,8,6,5,7,6,428
962,CT,4,5,4,5,5,6,5,6,4,6,5,7,4,4,7,360
963,NJ,5,5,4,3,4,4,6,6,4,5,3,7,4,8,6,554
964,MA,4,4,5,3,3,5,4,5,5,4,4,1,2,2,4,249
965,MA,4,5,4,3,3,4,6,6,6,4,4,5,6,3,3,400
966,MA,4,3,4,5,4,5,6,4,6,5,6,6,5,4,5,582
967,NY,5,5,3,4,3,4,4,5,6,6,4,7,8,5,4,387
968,PA,4,3,6,3,4,3,6,4,7,3,6,1,3,2,6,394
969,MA,4,3,4,5,5,4,5,4,5,4,2,2,3,6,2,321
970,NJ,5,4,5,5,4,5,4,6,4,6,6,8,3,5,3,498
971,PA,4,4,5,5,5,6,5,5,4,3,3,5,6,3,2,180
972,NY,5,5,5,5,3,6,4,5,4,5,3,3,3,4,8,162
973,NJ,3,5,5,4,4,5,5,4,5,4,4,1,3,6,4,310
974,NJ,3,5,3,3,3,5,4,5,6,5,3,6,4,7,8,451
975,NJ,4,5,3,4,3,6,5,5,6,4,3,6,6,5,4,346
976,NJ,4,3,4,4,3,5,5,4,5,4,5,5,5,3,3,339
977,NJ,5,5,5,5,3,5,5,6,6,5,8,4,7,6,7,677
978,NY,4,3,3,5,3,4,4,4,5,5,5,2,1,2,6,305
979,CT,3,5,5,5,4,6,4,5,6,6,4,6,6,6,4,431
980,MA,5,5,4,3,5,4,6,6,5,4,8,4,4,8,8,437
981,PA,4,6,3,3,5,4,6,6,3,4,4,5,6,4,2,493
982,NY,5,5,3,3,5,4,6,6,5,4,4,6,6,6,5,617
983,NJ,4,5,5,3,3,6,6,5,6,6,7,6,6,7,8,320
984,MA,4,5,4,3,5,5,4,6,4,4,1,4,4,2,6,203
985,NY,4,5,4,3,5,4,5,5,6,6,6,8,5,7,4,333
986,NY,4,4,5,3,5,6,5,4,6,5,5,5,7,7,3,284
987,PA,3,3,6,4,4,4,7,3,5,3,6,6,6,4,6,400
988,CT,5,4,5,4,5,4,6,6,6,4,7,5,6,3,3,456
989,MA,3,3,4,3,5,6,6,5,4,5,6,8,4,4,7,421
990,NY,3,4,4,3,4,5,6,5,6,5,6,8,6,3,5,311
991,MA,4,4,4,3,3,6,6,5,4,6,5,8,6,6,6,471
992,NY,3,4,4,5,3,4,6,6,4,5,7,3,7,6,5,580
993,CT,5,4,3,4,3,5,4,4,5,5,3,2,4,5,2,332
994,PA,4,6,4,3,3,6,7,4,5,4,5,6,8,8,7,756
995,PA,5,4,5,6,3,6,5,6,7,7,9,7,7,6,4,694
996,NJ,3,3,4,3,3,6,5,4,6,4,8,7,5,7,5,509
997,MA,3,5,5,3,5,4,5,5,5,6,3,8,4,7,7,567
998,CT,4,4,5,3,4,5,5,4,5,6,8,7,6,6,4,321
999,PA,3,5,4,6,5,7,3,6,5,4,6,5,7,7,5,302
1000,CT,5,4,5,3,4,4,5,5,4,4,4,1,3,5,4,328
1001,NY,3,5,3,5,3,5,4,4,5,5,5,5,6,1,2,229
1002,PA,5,3,5,3,6,3,4,4,3,4,4,2,2,1,6,150
1003,NY,3,4,3,5,3,4,5,5,6,4,6,3,6,5,7,514
1004,NJ,3,3,3,4,4,4,5,4,6,4,2,1,2,2,5,148
1005,CT,5,3,4,3,5,5,5,5,5,5,6,8,7,5,4,447
1006,NJ,4,4,5,5,5,4,5,5,6,6,8,4,7,5,3,531
1007,NJ,3,3,4,5,5,5,5,4,6,6,4,8,5,8,8,444
1008,MA,5,4,5,5,3,4,4,4,6,6,6,4,5,5,6,489
1009,NJ,3,3,3,4,4,5,4,5,4,6,3,5,4,5,7,299
1010,NJ,3,5,3,5,3,6,4,4,4,4,3,5,5,6,5,479
1011,NJ,3,5,4,3,3,5,6,4,6,5,6,5,8,7,5,318
1012,PA,4,4,5,3,6,6,6,7,7,3,6,7,3,6,7,536
1013,NJ,4,4,3,3,4,4,6,5,6,6,6,7,7,7,4,482
1014,CT,3,3,3,5,4,6,4,4,4,5,5,1,3,2,6,262
1015,NJ,5,4,4,5,4,5,6,6,4,6,4,5,6,6,6,609
1016,NJ,5,4,4,5,4,4,5,4,4,5,5,6,6,6,4,524
1017,NJ,5,3,5,4,4,5,6,4,5,5,5,8,7,7,8,741
1018,NJ,3,3,3,3,5,6,4,4,4,4,4,2,4,2,5,166
1019,NJ,3,4,3,3,2,4,1,1,4,2,3,5,1,1,3,161
1020,NJ,2,4,3,2,2,1,2,1,1,1,6,6,5,2,3,417
1021,NY,4,3,3,4,3,5,5,6,6,5,4,7,5,6,6,482
1022,CT,5,5,3,5,4,6,5,5,4,4,3,4,5,7,8,528
1023,CT,3,3,3,5,4,6,5,4,6,6,8,6,8,6,4,478
1024,CT,3,3,3,5,3,4,4,6,6,5,6,7,4,6,3,439
1025,PA,6,6,6,3,6,5,4,3,3,6,4,5,3,1,3,159
1026,CT,5,5,5,3,3,6,6,6,4,5,8,3,8,3,8,701
1027,NJ,1,1,2,1,2,3,2,2,3,4,1,5,4,2,3,160
1028,NJ,2,4,1,2,4,1,3,2,2,4,1,1,5,6,4,228
1029,NY,3,4,3,4,3,6,5,5,6,6,5,3,7,7,8,578
1030,MA,4,5,5,3,5,4,4,5,5,6,6,3,5,5,7,508
1031,MA,3,5,5,3,5,5,4,6,6,5,4,3,5,5,3,235
1032,NY,4,4,5,5,4,6,5,6,5,5,5,5,4,7,3,344
1033,NY,4,5,5,4,4,4,5,6,4,4,1,2,2,2,4,171
1034,NY,5,4,3,4,4,6,4,4,4,4,6,3,1,1,4,218
1035,PA,4,4,5,3,6,5,6,4,5,3,2,2,6,3,1,205
1036,CT,4,4,5,5,4,6,5,4,6,5,8,6,4,6,3,520
1037,NY,3,4,4,4,5,6,4,5,5,6,3,5,8,3,4,306
1038,PA,5,3,5,3,5,3,7,6,3,7,4,8,3,4,8,517
1039,PA,3,6,3,3,6,7,7,7,6,5,7,6,7,7,9,599
1040,MA,3,3,5,5,5,6,5,5,5,5,8,4,8,7,7,396
1041,MA,4,4,5,5,4,5,5,5,6,5,7,7,6,5,5,476
1042,NJ,4,1,1,2,1,1,2,3,3,4,3,6,2,5,6,458
1043,NJ,4,4,1,4,4,3,3,4,3,1,6,6,5,5,3,262
1044,NJ,4,2,1,1,2,2,3,2,3,2,1,2,1,2,5,198
1045,MA,3,5,4,5,5,4,6,4,4,6,6,3,3,5,8,488
1046,NY,3,3,4,3,3,5,6,5,5,4,6,5,5,6,4,252
1047,CT,5,5,5,3,4,5,5,4,5,4,5,4,2,6,4,475
1048,CT,5,4,5,4,3,4,6,4,6,5,7,3,7,3,7,644
1049,CT,3,3,4,3,5,4,6,4,6,5,8,8,5,6,3,300
1050,NJ,4,3,4,1,3,1,4,1,1,4,6,6,5,6,4,477
1051,NJ,3,2,4,1,1,2,3,4,3,1,6,6,6,3,5,643
1052,NJ,3,2,2,2,2,3,4,2,4,1,3,4,6,6,5,343
1053,PA,4,4,4,3,6,5,3,5,5,3,4,6,2,2,3,290
1054,PA,3,6,3,5,4,5,7,6,7,7,5,5,4,7,9,708
1055,CT,5,5,3,3,5,5,4,5,5,6,5,3,4,6,5,284
1056,MA,3,5,5,5,5,5,5,4,4,5,2,3,5,4,1,315
1057,CT,5,5,4,5,5,4,6,6,5,6,3,3,3,7,7,280
1058,MA,4,4,5,4,4,4,4,4,4,5,1,6,1,1,2,169
1059,NY,3,5,5,3,3,4,6,6,4,4,8,5,6,4,3,348
1060,NJ,2,2,2,2,4,3,2,1,4,1,5,2,5,3,4,250
1061,NY,3,3,3,5,5,5,4,4,4,5,5,4,6,5,4,354
1062,NJ,4,4,2,4,3,1,3,1,2,3,4,5,6,6,6,668
1063,MA,4,3,5,3,5,4,6,5,4,4,2,4,5,4,3,147
1064,NJ,1,4,2,3,1,3,4,4,1,2,4,2,4,5,2,190
1065,NJ,2,1,1,1,4,2,2,3,4,1,5,3,6,1,3,247
1066,NJ,3,2,1,3,4,4,2,3,3,1,6,1,3,6,2,454
1067,CT,4,5,3,5,5,6,4,4,4,5,6,1,6,3,1,348
1068,NY,5,3,4,5,4,4,5,5,4,5,6,4,4,3,6,331
1069,NJ,4,3,2,1,1,3,4,4,3,4,2,3,1,4,6,165
1070,NJ,2,3,3,3,4,2,2,4,1,3,2,5,6,4,4,354
1071,PA,4,3,3,3,4,6,5,4,3,5,5,6,5,1,2,310
1072,NJ,1,2,2,2,2,1,3,4,4,1,3,6,2,4,4,265
1073,PA,4,4,5,3,6,7,4,7,3,6,3,4,8,4,6,307
1074,NJ,2,4,1,3,2,4,1,4,2,3,3,1,5,2,2,177
1075,MA,3,4,5,4,4,6,4,6,6,6,7,6,3,8,6,648
1076,MA,5,5,3,5,5,6,6,5,4,5,5,6,8,4,3,632
1077,PA,4,5,3,4,6,3,7,7,4,5,7,4,8,4,3,690
1078,PA,6,6,4,5,3,4,4,3,5,4,2,4,2,1,3,211
1079,NY,4,3,5,5,3,4,6,6,4,6,7,5,8,5,8,342
1080,NY,3,4,4,4,4,6,4,5,5,6,6,4,3,4,6,445
1081,PA,5,5,4,5,4,7,4,5,5,6,3,7,7,7,7,326
1082,CT,5,5,3,5,5,5,4,4,6,4,1,1,3,6,4,349
1083,PA,3,5,5,6,5,4,4,6,4,3,3,3,5,1,6,188
1084,NJ,4,1,2,1,3,1,3,3,1,2,6,6,4,4,5,327
1085,NJ,4,4,2,2,4,4,1,1,4,2,2,2,4,5,5,408
1086,NY,4,4,5,5,3,4,4,5,4,5,6,2,2,6,3,150
1087,MA,5,5,4,5,5,4,5,5,4,6,7,8,5,8,8,297
1088,PA,3,3,6,4,5,6,7,7,6,6,6,9,6,6,4,675
1089,NJ,3,3,4,3,2,1,1,1,4,1,4,3,1,6,2,220
1090,NJ,2,2,1,4,3,4,1,2,2,1,4,6,6,5,5,531
1091,PA,4,6,6,6,3,3,6,4,7,6,4,5,5,3,6,456
1092,PA,4,4,4,4,4,4,3,6,3,5,3,5,2,4,3,244
1093,PA,6,5,5,3,4,3,5,6,3,3,1,6,5,5,6,299
1094,PA,3,4,3,3,4,5,7,7,7,4,9,8,5,4,9,700
1095,CT,3,3,4,4,5,4,4,6,6,4,4,3,4,4,6,456
1096,NY,4,4,4,4,4,6,5,6,5,6,4,6,5,3,5,387
1097,CT,5,5,5,5,5,5,6,5,6,4,7,8,3,6,7,654
1098,NJ,4,4,1,1,2,4,2,1,2,4,2,4,3,1,2,217
1099,NJ,3,3,2,3,3,3,1,3,3,1,4,6,3,1,1,291
1100,NJ,1,3,4,4,1,4,1,4,3,4,2,6,6,6,2,465
1101,NY,5,5,4,5,4,5,6,4,4,4,3,4,6,2,5,497
1102,CT,3,4,3,5,4,6,4,6,6,5,8,5,7,8,7,659
1103,CT,4,3,4,3,3,6,6,4,4,4,6,6,6,4,3,466
1104,NJ,1,3,2,2,3,2,2,3,4,2,3,2,2,2,6,204
1105,PA,5,5,4,3,5,5,5,7,6,4,8,8,6,4,7,599
1106,MA,5,5,4,4,4,6,5,5,6,5,8,6,7,6,7,443
1107,CT,4,4,5,4,5,5,6,6,5,4,3,3,4,6,3,302
1108,NJ,3,4,2,1,1,1,2,3,4,4,4,4,1,4,1,194
1109,NJ,4,4,1,4,4,1,2,3,1,1,1,5,1,3,6,302
1110,NJ,4,1,4,2,3,4,4,2,4,4,5,5,3,4,4,206
1111,NJ,4,4,2,4,2,1,4,3,3,2,6,3,4,2,4,359
1112,MA,5,5,3,5,5,4,4,5,4,4,1,5,2,1,3,128
1113,NJ,1,1,2,3,4,1,4,4,2,4,1,5,2,2,6,347
1114,CT,5,5,4,5,5,6,5,6,5,6,7,4,5,3,5,493
1115,PA,4,6,6,4,6,6,7,6,3,7,6,7,8,7,7,476
1116,MA,5,3,5,5,3,4,6,4,6,5,5,8,7,7,3,630
1117,NY,3,1,2,3,3,5,3,5,7,3,6,3,5,4,5,344
1118,NJ,3,3,2,1,3,4,3,1,4,3,3,6,3,3,3,246
1119,CT,1,4,4,1,3,7,5,2,2,4,6,5,4,5,1,389
1120,PA,6,3,6,4,3,7,7,5,3,3,5,7,5,5,4,578
1121,NJ,1,2,3,4,3,2,3,2,2,1,6,2,1,3,4,270
1122,NJ,1,3,2,2,3,4,3,3,1,1,6,1,2,1,4,184
1123,NJ,1,3,3,2,4,2,3,3,4,4,1,6,2,6,3,411
1124,MA,6,6,4,6,5,7,6,3,3,4,3,3,2,3,2,153
1125,CT,1,4,6,5,2,6,4,3,6,6,3,8,5,7,4,265
1126,NJ,3,3,4,4,4,1,2,3,3,1,5,1,5,4,6,156
1127,NJ,2,2,1,1,2,1,4,3,1,2,1,4,2,1,5,110
1128,CT,5,5,2,2,2,3,3,7,2,2,4,3,3,5,2,346
1129,CT,2,5,2,2,2,3,2,6,7,6,4,7,3,6,4,334
1130,CT,1,1,5,2,5,4,5,5,3,5,3,2,5,3,3,234
1131,NY,6,3,3,5,6,6,7,6,5,5,7,5,6,7,6,437
1132,NY,4,1,4,1,2,6,3,5,5,3,1,2,4,3,2,241
1133,MA,6,2,4,3,1,4,3,7,3,6,2,3,1,2,4,230
1134,NY,6,1,1,3,5,2,2,7,6,2,5,2,5,2,1,271
1135,NY,6,4,2,1,1,5,7,2,2,5,2,6,5,2,4,264
1136,NY,3,2,6,2,4,5,4,2,6,7,8,3,5,5,5,700
1137,MA,6,2,4,2,1,6,5,4,3,5,4,6,2,3,2,206
1138,NJ,1,4,2,2,1,2,2,3,1,4,3,4,1,5,4,210
1139,NY,2,2,6,1,1,4,4,2,7,4,2,6,6,2,4,458
1140,NY,5,1,3,2,4,4,2,6,4,4,2,3,2,4,6,338
1141,CT,6,2,3,4,3,7,5,7,6,6,8,6,6,8,7,329
1142,CT,4,1,3,3,1,7,6,3,7,6,5,4,6,3,7,377
1143,NJ,1,2,3,4,3,1,4,3,2,1,6,4,1,6,4,420
1144,NJ,3,2,2,1,4,3,3,1,2,2,3,1,5,1,4,233
1145,CT,5,4,4,2,3,5,5,4,4,5,3,2,1,6,1,173
1146,MA,1,3,6,1,1,5,6,6,6,3,6,7,3,7,6,641
1147,PA,6,4,3,5,4,6,7,6,7,5,5,6,4,4,4,401
1148,PA,3,5,3,5,3,6,4,6,6,5,5,5,5,7,3,466
1149,NJ,1,3,4,2,2,1,1,2,2,4,2,1,6,3,1,161
1150,NY,3,6,2,3,3,5,7,3,7,2,8,8,3,7,3,628
1151,CT,1,3,2,4,4,6,4,5,4,7,4,6,3,3,6,255
1152,NY,5,3,3,2,1,3,5,7,2,3,2,6,3,1,1,144
1153,NJ,1,1,2,2,2,4,1,4,2,3,4,2,3,6,3,248
1154,CT,5,4,6,6,4,2,5,4,2,7,4,1,5,5,1,228
1155,NJ,1,1,3,3,1,3,2,2,2,3,1,1,4,2,6,217
1156,PA,5,3,4,3,6,7,7,4,6,5,8,4,8,8,3,481
1157,CT,2,5,4,3,5,6,7,3,7,7,8,5,9,7,9,391
1158,PA,4,4,3,5,4,5,6,3,4,7,7,8,5,4,5,526
1159,CT,4,4,6,6,3,4,4,7,7,4,3,3,6,6,4,266
1160,NJ,1,2,2,2,2,2,1,2,4,4,5,2,6,3,4,444
1161,NY,3,6,3,5,1,5,3,7,6,6,7,3,8,7,3,638
1162,NJ,2,4,1,4,4,4,3,4,1,1,2,2,6,2,3,184
1163,CT,5,6,6,2,3,6,2,2,4,4,2,1,1,6,2,131
1164,MA,1,4,4,5,2,4,6,7,6,2,5,5,3,5,3,221
1165,NY,6,6,1,1,6,5,3,3,4,6,6,1,2,3,1,223
1166,NJ,1,1,1,1,1,2,3,2,4,1,4,6,3,6,4,342
1167,CT,5,6,1,2,1,4,4,6,2,2,6,6,1,6,4,393
1168,PA,3,3,3,4,3,4,7,6,7,7,9,4,5,4,5,567
1169,NJ,2,2,3,4,4,2,1,4,2,2,4,1,2,4,1,169
1170,MA,5,3,2,5,3,3,6,4,6,3,3,4,2,4,2,286
1171,PA,4,5,3,4,6,3,4,4,3,5,2,3,4,4,6,388
1172,CT,3,1,4,4,1,2,2,3,4,5,5,6,4,3,3,211
1173,PA,5,3,3,3,6,4,7,6,6,6,8,3,4,6,6,340
1174,CT,4,5,3,6,4,6,7,2,5,4,6,4,7,5,6,629
1175,NY,6,2,3,3,6,2,5,6,7,7,5,3,8,4,6,677
1176,NY,4,1,2,3,2,5,2,3,7,6,2,2,1,5,6,273
1177,PA,6,3,3,5,6,7,5,6,7,3,5,3,8,6,3,539
1178,NY,2,5,5,4,4,5,2,4,6,7,4,3,3,7,8,482
1179,NY,2,1,1,1,1,4,4,6,2,6,5,5,1,4,1,242
1180,CT,5,3,4,3,5,6,5,5,4,2,6,2,1,5,2,343
1181,NJ,4,3,2,1,2,4,4,3,4,4,3,1,4,3,4,179
1182,MA,5,4,3,3,1,4,2,7,3,2,1,6,2,1,1,149
1183,NJ,2,1,1,4,1,2,2,4,2,3,3,5,6,5,1,321
1184,CT,5,5,2,1,3,3,3,3,2,7,2,5,2,5,5,366
1185,NJ,4,2,3,1,4,3,1,3,4,2,1,5,3,6,5,471
1186,NJ,1,3,2,4,2,4,3,4,4,4,4,1,1,5,5,155
1187,NJ,1,3,4,2,2,4,2,1,3,1,2,4,4,5,6,476
1188,NY,2,6,1,3,4,3,6,4,2,5,3,6,4,3,6,297
1189,CT,6,2,3,3,2,7,2,7,4,6,8,4,5,4,5,417
1190,PA,5,3,3,5,5,7,4,5,6,6,4,3,5,7,6,479
1191,MA,3,6,1,5,1,2,7,5,2,4,6,1,5,2,4,462
1192,CT,4,4,6,1,2,7,4,3,4,4,4,3,5,3,1,263
1193,NJ,2,3,2,2,3,2,1,2,3,1,5,1,4,2,5,344
1194,NJ,4,1,1,1,3,4,1,3,1,3,5,4,1,2,3,276
1195,NJ,1,2,3,4,4,3,3,2,2,3,3,5,4,5,4,320
1196,PA,4,3,5,6,6,5,4,5,7,4,6,5,6,4,7,725
1197,MA,5,1,1,6,2,7,5,7,5,3,7,8,6,4,7,362
1198,NJ,1,2,1,2,1,2,2,2,2,4,5,4,4,4,6,497
1199,MA,6,1,5,2,5,5,2,5,5,4,2,1,6,2,3,142
1200,NY,4,6,3,1,5,5,5,7,3,7,4,6,4,3,3,301
1201,NJ,2,4,3,2,3,3,4,3,2,3,4,6,6,5,6,474
1202,NJ,1,3,4,1,3,3,1,3,2,1,3,5,2,3,4,199
1203,NJ,3,2,3,3,3,4,1,1,4,4,4,2,3,3,4,165
1204,NY,6,1,6,3,2,7,6,3,3,7,4,6,6,5,3,285
1205,MA,5,6,2,6,5,7,6,4,5,7,4,6,7,6,4,428
1206,NY,6,4,1,5,3,4,3,6,7,6,5,4,6,3,6,293
1207,NJ,2,3,2,3,2,2,2,1,1,4,2,4,1,4,2,118
1208,MA,4,3,4,2,6,6,4,7,7,2,6,6,6,4,8,485
1209,NJ,2,1,3,1,3,2,3,2,2,1,6,1,4,4,1,208
1210,CT,5,3,4,5,2,2,6,3,3,5,6,6,6,3,4,462
1211,NJ,1,1,2,4,3,3,3,2,2,3,4,4,6,4,6,424
1212,NJ,1,4,2,2,1,3,2,3,1,4,3,1,2,1,2,203
1213,NJ,4,1,3,4,1,1,4,3,1,4,6,2,4,6,5,394
1214,NJ,1,4,3,4,3,4,3,4,3,1,1,1,5,5,3,193
1215,MA,6,2,6,1,3,5,6,4,2,6,2,4,5,3,6,361
1216,NY,4,6,5,1,6,3,4,6,7,4,6,5,3,4,3,340
1217,NJ,4,2,4,4,4,2,1,4,1,2,4,4,1,6,1,326
1218,NJ,4,1,3,1,3,1,3,2,4,1,2,3,1,2,5,125
1219,PA,6,4,3,4,5,3,4,5,4,4,3,3,4,2,3,333
1220,NJ,3,4,2,1,2,1,3,4,1,3,2,1,2,5,5,255
1221,NJ,3,4,3,1,1,3,2,3,2,3,6,6,4,1,1,256
1222,CT,1,6,6,4,1,4,5,2,7,2,4,3,1,5,4,168
1223,MA,3,1,4,2,3,5,5,3,6,5,8,5,3,4,7,381
1224,NY,3,2,6,1,3,4,2,5,6,7,8,7,7,3,7,607
1225,NJ,2,2,4,3,3,2,4,4,4,3,6,4,4,5,5,376
1226,NJ,1,1,3,2,1,2,1,3,3,3,6,4,3,5,2,338
1227,CT,1,2,2,6,2,4,5,4,3,5,3,3,3,6,4,354
1228,PA,3,5,3,4,5,3,6,7,7,3,4,3,4,7,5,302
1229,NJ,1,3,4,1,1,3,1,1,4,1,6,5,1,6,1,380
1230,NJ,1,2,2,1,1,2,1,4,1,4,1,5,2,4,2,141
1231,NJ,4,4,4,4,1,4,3,2,2,2,3,4,4,6,3,280
